# Wavefront OBJ exported by MilkShape 3D

mtllib char.mtl

v -1.825719 65.052032 -0.899685
v -0.007074 65.940819 -2.295418
v 0.000000 64.533737 -2.837347
v -1.825719 65.635269 0.600315
v -2.251000 67.705223 0.037336
v -2.014209 66.788521 -0.853564
v 0.000000 65.670097 1.980834
v -0.007074 68.444946 1.399263
v 1.868117 66.780586 -0.818279
v 1.518269 65.500710 0.588627
v 1.518269 64.962303 -0.820464
v 2.104910 67.705223 0.076632
v 0.000000 65.670097 1.980834
v -0.007074 68.444946 1.399263
v 0.794107 65.349548 -3.785625
v 2.178864 66.834412 -1.659615
v -2.212794 66.834412 -1.659615
v -0.828037 65.349548 -3.785625
v -0.016965 67.944176 -5.517287
v -0.016965 70.175262 -5.073767
v 0.596285 69.403732 -4.561787
v 0.754543 67.965462 -4.831758
v 0.912801 68.330872 -4.224328
v 0.971167 70.400986 -4.801824
v 1.604199 69.626022 -3.856930
v 1.762456 69.987892 -4.261884
v 2.197666 70.417313 -4.261885
v 2.593312 70.077484 -3.620708
v 2.078972 68.721848 -3.451974
v -0.016965 71.614861 -5.134348
v 1.960279 71.775078 -4.376295
v 2.751570 71.807846 -3.856930
v -0.016965 73.543877 -4.307978
v 1.762456 73.825630 -2.878290
v 2.474617 74.458664 -0.516057
v 3.147213 73.627823 -0.381072
v 3.384600 71.694962 -1.494696
v 1.683328 75.012596 -0.954757
v -0.016965 74.493393 -3.363082
v -0.016965 75.249962 -1.764665
v 3.463731 70.291611 -1.629681
v 2.930590 68.583389 -1.727107
v 3.444929 72.301285 -0.107291
v 3.444929 71.390121 -0.883453
v 3.444929 70.411476 -0.309768
v 3.088848 71.930061 0.672728
v 3.247107 70.985176 0.503997
v -0.016965 67.574425 -4.970556
v -0.016965 67.025208 -4.970556
v 1.229317 67.025223 -3.515656
v -0.016965 65.165672 -4.295633
v -0.016965 65.845261 -4.869318
v 0.794107 65.956985 -4.393058
v -0.016965 66.217606 -5.038048
v -0.016965 66.631905 -4.798014
v 2.653639 67.408096 -1.862093
v 2.534945 68.454216 -0.174783
v -0.016965 65.004379 -3.892650
v 0.556720 65.201096 -3.269791
v 1.783220 68.839890 0.926308
v 2.178864 69.987251 1.122999
v -0.016965 69.397163 1.778638
v -0.016965 70.577324 2.139242
v 1.941478 71.396881 1.614730
v -0.016965 75.356865 0.137334
v 0.991930 74.762245 0.570115
v 2.495380 73.363792 0.795178
v -0.016965 72.249207 2.499844
v -0.016965 73.789948 2.270370
v -0.016965 74.900146 1.350268
v -0.630214 69.403732 -4.561787
v -0.788472 67.965462 -4.831758
v -0.946730 68.330872 -4.224328
v -1.005096 70.400986 -4.801824
v -1.638128 69.626022 -3.856930
v -1.796386 69.987892 -4.261884
v -2.231595 70.417313 -4.261885
v -2.627242 70.077484 -3.620708
v -2.112902 68.721848 -3.451974
v -1.994209 71.775078 -4.376295
v -2.785499 71.807846 -3.856930
v -1.796386 73.825630 -2.878290
v -2.508548 74.458664 -0.516057
v -3.181145 73.627823 -0.381072
v -3.418532 71.694962 -1.494696
v -1.717257 75.012596 -0.954757
v -3.497661 70.291611 -1.629681
v -2.964520 68.583389 -1.727107
v -3.478859 72.301285 -0.107291
v -3.478859 71.390121 -0.883453
v -3.478859 70.411476 -0.309768
v -3.122779 71.930061 0.672728
v -3.281036 70.985176 0.503997
v -1.263247 67.025223 -3.515656
v -0.828037 65.956985 -4.393058
v -2.687568 67.408096 -1.862093
v -2.568876 68.454216 -0.174783
v -0.590649 65.201096 -3.269791
v -1.817150 68.839890 0.926308
v -2.212794 69.987251 1.122999
v -0.016965 69.397163 1.778638
v -0.016965 70.577324 2.139242
v -1.975408 71.396881 1.614730
v -1.717257 75.012596 -0.954757
v -0.016965 75.356865 0.137334
v -0.016965 75.249962 -1.764665
v -1.025860 74.762245 0.570115
v -0.016965 75.356865 0.137334
v -2.529311 73.363792 0.795178
v -0.016965 72.249207 2.499844
v -0.016965 73.789948 2.270370
v -0.016965 74.900146 1.350268
v -0.222222 61.662430 -4.666667
v 5.058155 61.015377 -3.026144
v -0.222222 57.772728 -5.777778
v 4.705214 57.250668 -3.872549
v -0.222222 54.335228 -5.777778
v 4.469920 54.070522 -3.663399
v -0.222222 49.397728 -5.111111
v 3.646390 49.423462 -3.205882
v -0.222222 44.210228 -4.611111
v 4.289773 44.210228 -2.773693
v 5.602273 49.335228 0.000000
v 6.164773 54.147728 -0.692308
v 6.039773 44.585228 0.000000
v 6.719587 58.023922 -1.633484
v 6.414773 60.831551 -1.588235
v 2.143278 63.377590 -1.708556
v 3.877736 63.023643 -2.077540
v 2.289773 64.824196 0.823529
v 6.227273 63.246994 1.705882
v 6.250000 62.349846 -0.436975
v 6.953832 57.385765 1.033622
v 6.384310 41.308437 0.000000
v 5.538722 40.103394 -2.629762
v 3.823529 39.275509 -3.746932
v 1.229898 38.516384 -3.648377
v -0.222222 38.263668 -4.545454
v 0.325487 37.779026 0.000000
v -5.502599 61.015377 -3.026144
v -5.149658 57.250668 -3.872549
v -4.914364 54.070522 -3.663399
v -4.090834 49.423462 -3.205882
v -4.734217 44.210228 -2.773693
v -6.046717 49.335228 0.000000
v -6.609218 54.147728 -0.692308
v -6.484218 44.585228 0.000000
v -7.164032 58.023922 -1.633484
v -6.859218 60.831551 -1.588235
v -4.322180 63.023643 -2.077540
v -2.587722 63.377590 -1.708556
v -2.734217 64.824203 0.823529
v -6.671718 63.246994 1.705882
v -6.694445 62.349846 -0.436975
v -7.398277 57.385765 1.033622
v -5.983166 40.103394 -2.629762
v -6.828754 41.308437 0.000000
v -4.267974 39.275509 -3.746932
v -1.674343 38.516384 -3.648376
v -0.769930 37.779026 0.000000
v -1.825719 65.635269 0.600315
v -1.825719 65.052032 -0.899685
v 0.000000 64.533737 -2.837347
v 1.518269 64.962303 -0.820464
v 5.562500 49.169701 2.151261
v 5.157258 44.757935 2.636555
v 6.039773 44.585228 0.000000
v 5.602273 49.335228 0.000000
v 6.500000 54.463818 2.798319
v 6.164773 54.147728 -0.692308
v 6.953832 57.385765 1.033622
v 6.935272 58.215851 2.915961
v 4.934731 63.329445 2.923077
v 6.227273 63.246994 1.705882
v 2.289773 64.824196 0.823529
v 6.625000 61.404991 2.739496
v 4.443134 60.661381 4.076923
v 4.031369 56.973598 4.461538
v 3.913722 53.991695 4.000000
v 3.619604 48.932877 3.307692
v 3.149016 44.946453 3.538462
v -0.222222 63.449112 3.698489
v -0.222222 60.679882 4.929258
v -0.222222 56.987572 5.236951
v -0.222222 53.833729 4.775413
v -0.222222 48.756805 3.929258
v -0.222222 44.910652 4.006182
v 6.384310 41.308437 0.000000
v 5.661271 40.558857 1.872619
v 3.764706 39.599876 3.710211
v 1.288722 38.926926 2.383334
v -0.222222 42.079193 3.708107
v 0.325487 37.779026 0.000000
v -6.484218 44.585228 0.000000
v -5.601702 44.757935 2.636555
v -6.006944 49.169701 2.151261
v -6.046717 49.335228 0.000000
v -6.944445 54.463818 2.798319
v -6.609218 54.147728 -0.692308
v -7.398277 57.385765 1.033622
v -7.379717 58.215851 2.915961
v -2.734217 64.824203 0.823529
v -6.671718 63.246994 1.705882
v -5.379175 63.329445 2.923077
v -7.069445 61.404991 2.739496
v -4.887578 60.661381 4.076923
v -4.475813 56.973598 4.461538
v -4.358166 53.991695 4.000000
v -4.064049 48.932877 3.307692
v -3.593460 44.946453 3.538462
v -6.828754 41.308437 0.000000
v -6.105716 40.558857 1.872619
v -4.209150 39.599876 3.710211
v -1.733166 38.926926 2.383334
v -0.769930 37.779026 0.000000
v 1.518269 64.962303 -0.820464
v 1.518269 65.500710 0.588627
v 0.000000 65.670097 1.980834
v -1.825719 65.635269 0.600315
v 6.719587 58.023922 -1.633484
v 6.414773 60.831551 -1.588235
v 9.164609 60.201057 -1.588257
v 6.250000 62.349846 -0.436975
v 9.440319 60.967476 0.563049
v 6.227273 63.246994 1.705882
v 7.494757 52.987736 1.436261
v 6.953832 57.385765 1.033622
v 8.585161 54.044117 -0.949780
v 9.839784 54.998020 -0.909319
v 10.929369 55.493031 0.120657
v 9.093564 48.784798 1.712115
v 9.761674 49.226711 -0.173640
v 11.043268 49.480961 -0.141662
v 11.899142 49.832661 0.672357
v 8.935079 44.747021 1.787557
v 9.822904 45.179970 -0.478956
v 11.428538 45.400703 -0.440516
v 12.530709 45.734997 0.537879
v 10.939410 38.293732 1.626894
v 11.415643 38.682575 0.171047
v 12.301183 38.813534 0.195746
v 12.901160 39.089436 0.824206
v 9.688876 60.514462 2.739502
v 6.625000 61.404991 2.739496
v 6.935272 58.215851 2.915961
v 9.440319 60.967476 0.563049
v 6.227273 63.246994 1.705882
v 10.929369 55.493031 0.120657
v 10.317385 54.891674 2.962360
v 8.820536 53.941147 3.120216
v 6.953832 57.385765 1.033622
v 7.494757 52.987736 1.436261
v 11.899142 49.832661 0.672357
v 11.416425 49.346378 2.918233
v 9.945290 49.115215 3.042993
v 9.093564 48.784798 1.712115
v 12.530709 45.734997 0.537879
v 11.861788 45.250626 3.237212
v 10.028692 45.059624 3.387160
v 8.935079 44.747021 1.787557
v 12.901160 39.089436 0.824206
v 12.549189 38.635338 2.558058
v 11.535567 38.548000 2.654386
v 10.939410 38.293732 1.626894
v -9.609049 60.201057 -1.588257
v -6.859218 60.831551 -1.588235
v -7.164032 58.023922 -1.633484
v -6.694445 62.349846 -0.436975
v -9.884760 60.967476 0.563049
v -7.398277 57.385765 1.033622
v -7.939205 52.987736 1.436261
v -9.029604 54.044117 -0.949780
v -10.284224 54.998020 -0.909319
v -11.373812 55.493031 0.120657
v -8.882832 48.750313 1.712115
v -10.206114 49.226711 -0.173640
v -11.487711 49.480961 -0.141662
v -12.343584 49.832661 0.672357
v -10.267344 45.179970 -0.478956
v -9.345037 45.126331 1.787557
v -11.872978 45.400703 -0.440516
v -12.975151 45.734997 0.537879
v -11.383852 38.293732 1.626894
v -11.860083 38.682575 0.171047
v -12.745625 38.813534 0.195746
v -13.345602 39.089436 0.824206
v -7.379717 58.215851 2.915961
v -7.069445 61.404991 2.739496
v -10.133316 60.514462 2.739502
v -6.671718 63.246994 1.705882
v -6.694445 62.349846 -0.436975
v -9.884760 60.967476 0.563049
v -11.373812 55.493031 0.120657
v -10.761826 54.891674 2.962360
v -7.398277 57.385765 1.033622
v -9.264978 53.941147 3.120216
v -7.939205 52.987736 1.436261
v -12.343584 49.832661 0.672357
v -11.860865 49.346378 2.918233
v -10.389730 49.115215 3.042993
v -8.882832 48.750313 1.712115
v -10.206114 49.226711 -0.173640
v -9.345037 45.126331 1.787557
v -12.975151 45.734997 0.537879
v -12.306231 45.250626 3.237212
v -10.473133 45.059624 3.387160
v -13.345602 39.089436 0.824206
v -12.993631 38.635338 2.558058
v -11.980007 38.548000 2.654386
v -11.383852 38.293732 1.626894
v 6.340332 2.300531 -1.284592
v 7.709729 1.549178 -2.771924
v 4.996826 1.529557 -3.082855
v 7.890318 0.932279 -3.150060
v 4.630440 0.990355 -3.693760
v 5.024330 24.140291 -2.467194
v 3.823529 39.275509 -3.746932
v 5.538722 40.103394 -2.629762
v 6.460837 24.176445 -1.622774
v 3.077923 24.362862 -1.705535
v 1.229898 38.516384 -3.648377
v 6.384310 41.308437 0.000000
v 7.404226 24.482937 0.364909
v 2.151232 24.136072 0.364909
v 0.325487 37.779026 0.000000
v 5.325686 18.343443 -1.130830
v 6.771238 18.545851 -0.286397
v 3.348671 18.602097 -0.383882
v 7.701488 19.125166 1.681422
v 2.429888 18.868128 1.731156
v 6.326290 5.315248 2.197212
v 6.823517 5.341404 2.678462
v 5.160928 5.416149 2.648121
v 7.371872 5.507457 3.834022
v 4.619349 5.246249 3.777172
v 5.207735 5.392411 4.823516
v 6.340323 3.650096 0.664976
v 7.322649 3.430473 1.786106
v 4.996805 3.263321 2.070927
v 7.729020 3.808459 3.060358
v 4.372366 2.836910 3.656004
v -5.441270 1.529557 -3.082855
v -8.154175 1.549178 -2.771924
v -6.784777 2.300531 -1.284592
v -8.334763 0.932279 -3.150060
v -5.074884 0.990355 -3.693760
v -5.983166 40.103394 -2.629762
v -4.267974 39.275509 -3.746932
v -5.468774 24.140291 -2.467194
v -6.905282 24.176445 -1.622774
v -1.674343 38.516384 -3.648376
v -3.522367 24.362862 -1.705535
v -6.828754 41.308437 0.000000
v -7.848672 24.482937 0.364909
v -0.769930 37.779026 0.000000
v -2.595676 24.136072 0.364909
v -5.770130 18.343443 -1.130830
v -7.215683 18.545851 -0.286397
v -3.793116 18.602097 -0.383882
v -8.145935 19.125166 1.681422
v -2.874332 18.868128 1.731156
v -6.770735 5.315248 2.197212
v -7.267962 5.341404 2.678462
v -5.605372 5.416149 2.648121
v -7.816318 5.507457 3.834022
v -5.063793 5.246249 3.777172
v -5.652179 5.392411 4.823516
v -6.784768 3.650096 0.664976
v -7.767095 3.430473 1.786106
v -5.441249 3.263321 2.070927
v -8.173466 3.808459 3.060358
v -4.816810 2.836910 3.656004
v 4.630440 0.990355 -3.693760
v 7.890318 0.932279 -3.150060
v 5.050781 1.001346 0.803879
v 8.337399 0.965791 0.608537
v 3.159442 24.403744 2.166353
v 1.288722 38.926926 2.383334
v 0.325487 37.779026 0.000000
v 2.151232 24.136072 0.364909
v 7.404226 24.482937 0.364909
v 6.384310 41.308437 0.000000
v 5.661271 40.558857 1.872619
v 6.680411 24.322573 1.780314
v 3.764706 39.599876 3.710211
v 5.079130 24.266815 3.169235
v 3.428082 19.388905 3.515417
v 2.429888 18.868128 1.731156
v 7.701488 19.125166 1.681422
v 6.982712 19.302982 3.128092
v 5.372377 19.527063 4.538103
v 5.207735 5.392411 4.823516
v 7.371872 5.507457 3.834022
v 6.948174 5.387200 4.604971
v 6.353803 5.319573 5.372464
v 4.372366 2.836910 3.656004
v 4.619349 5.246249 3.777172
v 5.160928 5.416149 2.648121
v 4.663680 1.004689 4.570679
v 7.729020 3.808459 3.060358
v 7.729020 3.808459 3.060358
v 8.498667 1.000769 4.455612
v 6.404318 1.001372 6.202181
v -5.495225 1.001346 0.803879
v -8.334763 0.932279 -3.150060
v -5.074884 0.990355 -3.693760
v -8.781843 0.965791 0.608537
v -0.769930 37.779026 0.000000
v -1.733166 38.926926 2.383334
v -3.603887 24.403744 2.166353
v -2.595676 24.136072 0.364909
v -6.105716 40.558857 1.872619
v -6.828754 41.308437 0.000000
v -7.848672 24.482937 0.364909
v -7.124856 24.322573 1.780314
v -4.209150 39.599876 3.710211
v -5.523574 24.266815 3.169235
v -3.872527 19.388905 3.515417
v -2.874332 18.868128 1.731156
v -8.145935 19.125166 1.681422
v -7.427156 19.302982 3.128092
v -5.816821 19.527063 4.538103
v -5.652179 5.392411 4.823516
v -7.816318 5.507457 3.834022
v -7.392619 5.387200 4.604971
v -6.798248 5.319573 5.372464
v -5.605372 5.416149 2.648121
v -5.063793 5.246249 3.777172
v -4.816810 2.836910 3.656004
v -5.108124 1.004689 4.570679
v -8.173466 3.808459 3.060358
v -8.943110 1.000769 4.455612
v -6.848763 1.001372 6.202181
v 13.670177 35.154503 -0.536174
v 12.901160 39.089436 0.824206
v 12.549189 38.635338 2.558058
v 13.760563 35.196293 2.572636
v 13.062634 36.927990 -0.406180
v 12.301183 38.813534 0.195746
v 13.155678 35.513474 -0.598505
v 13.155678 35.362217 -1.026190
v 13.155678 35.899342 -1.723164
v 13.155678 34.215725 -1.586878
v 13.155678 34.101852 -2.184038
v 12.615137 34.249706 -2.108705
v 13.625000 34.075325 0.263694
v 13.625000 34.129375 -0.432252
v 13.625000 34.250740 1.754598
v 13.625000 34.490341 2.498620
v 12.468750 34.514763 2.567653
v 12.468750 34.180824 -0.498355
v 13.046875 29.779352 -0.354179
v 12.628092 30.093302 -0.651488
v 13.465658 30.038012 -0.605467
v 12.628092 29.966476 -0.012752
v 13.465658 29.946850 -0.086628
v 13.402463 30.458023 2.953493
v 13.046875 30.289326 3.418473
v 12.691287 30.479622 3.046486
v 12.691287 30.692059 3.567662
v 13.402463 30.670460 3.515517
v 12.539796 32.869415 -0.527648
v 13.625000 34.129375 -0.432252
v 13.553954 32.814110 -0.470607
v 13.625000 34.075325 0.263694
v 13.553954 32.715637 0.163759
v 12.468750 34.099747 0.359753
v 12.590452 31.353121 -0.619313
v 13.503298 31.297749 -0.564531
v 13.503298 31.200827 0.046224
v 12.539796 32.733826 0.253552
v 12.590452 31.219250 0.132760
v 13.042436 29.594648 0.873555
v 13.451308 29.933397 1.206580
v 12.633563 29.907782 1.138479
v 12.640881 29.907415 0.579013
v 13.451308 29.883020 0.503367
v 13.474282 30.256725 1.785596
v 13.474282 30.379362 2.311821
v 13.042336 29.983078 2.126260
v 13.547311 32.623447 0.475580
v 13.625000 34.075325 0.263694
v 13.625001 34.125725 1.156760
v 13.547311 32.673756 1.253144
v 12.458334 34.100075 1.070221
v 12.545749 32.647808 0.559224
v 13.495508 31.113441 0.472411
v 13.495508 31.164566 1.218067
v 12.536697 32.648174 1.177842
v 12.597079 31.138210 0.552623
v 12.588966 31.138577 1.145857
v 13.527141 32.669308 1.472728
v 13.625001 34.125725 1.156760
v 13.625000 34.250740 1.754598
v 13.527141 32.784084 2.017144
v 12.557047 32.645748 1.393969
v 12.468750 34.275158 1.877685
v 13.490237 31.379593 1.650140
v 13.490237 31.506462 2.234062
v 12.594281 31.355433 1.571953
v 12.565727 32.806545 2.129251
v 12.610390 30.233408 1.715136
v 12.602295 31.529478 2.345354
v 12.615949 32.896114 2.413056
v 13.625000 34.250740 1.754598
v 13.477801 32.874889 2.306712
v 13.625000 34.490341 2.498620
v 13.477801 33.083385 2.949422
v 12.468750 34.514763 2.567653
v 12.657558 31.618364 2.751979
v 13.436192 31.597660 2.652491
v 13.436192 31.800932 3.253761
v 12.615949 33.104610 3.009054
v 12.657558 31.821642 3.309545
v 12.618114 30.401571 2.412118
v 12.615137 34.363598 -1.511540
v 13.625001 34.125725 1.156760
v 12.150162 34.995300 -0.567339
v 10.939410 38.293732 1.626894
v 11.415643 38.682575 0.171047
v 11.757053 37.180264 -0.467887
v 12.301183 38.813534 0.195746
v 13.062634 36.927990 -0.406180
v 12.443763 35.007854 2.613560
v 11.535567 38.548000 2.654386
v 13.760563 35.196293 2.572636
v 12.549189 38.635338 2.558058
v 13.155678 35.899342 -1.723164
v 13.155678 35.513474 -0.598505
v 12.615137 36.047211 -1.647821
v 12.615137 35.510067 -0.950856
v 12.106365 35.871544 -0.573467
v 12.615137 34.249706 -2.108705
v 12.615137 34.363598 -1.511540
v 13.155678 34.215725 -1.586878
v 13.670177 35.154503 -0.536174
v 12.468750 34.099747 0.359753
v 12.468750 34.180824 -0.498355
v 12.468750 34.514763 2.567653
v 12.468750 34.275158 1.877685
v 12.539796 32.733826 0.253552
v 12.468750 34.099747 0.359753
v 12.468750 34.180824 -0.498355
v 12.539796 32.869415 -0.527648
v 13.625000 34.129375 -0.432252
v 13.553954 32.715637 0.163759
v 12.590452 31.219250 0.132760
v 12.590452 31.353121 -0.619313
v 13.553954 32.814110 -0.470607
v 13.503298 31.200827 0.046224
v 12.628092 29.966476 -0.012752
v 12.628092 30.093302 -0.651488
v 13.503298 31.297749 -0.564531
v 13.465658 29.946850 -0.086628
v 12.610390 30.233408 1.715136
v 13.042336 29.983078 2.126260
v 12.618114 30.401571 2.412118
v 13.547311 32.673756 1.253144
v 12.458334 34.100075 1.070221
v 12.536697 32.648174 1.177842
v 12.468750 34.099747 0.359753
v 12.545749 32.647808 0.559224
v 13.625000 34.075325 0.263694
v 13.495508 31.164566 1.218067
v 12.588966 31.138577 1.145857
v 12.597079 31.138210 0.552623
v 13.547311 32.623447 0.475580
v 13.451308 29.933397 1.206580
v 12.633563 29.907782 1.138479
v 12.640881 29.907415 0.579013
v 13.495508 31.113441 0.472411
v 12.557047 32.645748 1.393969
v 12.458334 34.100075 1.070221
v 13.625001 34.125725 1.156760
v 13.527141 32.784084 2.017144
v 12.468750 34.275158 1.877685
v 12.565727 32.806545 2.129251
v 12.594281 31.355433 1.571953
v 13.527141 32.669308 1.472728
v 13.490237 31.506462 2.234062
v 12.602295 31.529478 2.345354
v 13.490237 31.379593 1.650140
v 13.474282 30.379362 2.311821
v 12.615949 33.104610 3.009054
v 12.468750 34.514763 2.567653
v 12.468750 34.275158 1.877685
v 12.615949 32.896114 2.413056
v 13.625000 34.250740 1.754598
v 13.477801 33.083385 2.949422
v 12.657558 31.821642 3.309545
v 12.657558 31.618364 2.751979
v 13.477801 32.874889 2.306712
v 13.436192 31.800932 3.253761
v 12.691287 30.692059 3.567662
v 12.691287 30.479622 3.046486
v 13.436192 31.597660 2.652491
v 13.402463 30.670460 3.515517
v 13.046875 29.779352 -0.354179
v 13.042436 29.594648 0.873555
v 13.046875 30.289326 3.418473
v 13.155678 35.362217 -1.026190
v 12.458334 34.100075 1.070221
v -12.993631 38.635338 2.558058
v -13.345602 39.089436 0.824206
v -14.114622 35.154503 -0.536174
v -14.205008 35.196293 2.572636
v -12.745625 38.813534 0.195746
v -13.507076 36.927990 -0.406180
v -11.980007 38.548000 2.654386
v -13.600121 35.513474 -0.598505
v -13.600121 35.899342 -1.723164
v -13.600121 35.362217 -1.026190
v -13.600121 34.101852 -2.184038
v -13.059580 34.249706 -2.108705
v -13.059580 36.047211 -1.647821
v -12.594604 34.995300 -0.567339
v -14.069445 34.129375 -0.432252
v -14.069445 34.075325 0.263694
v -14.069445 34.490341 2.498620
v -14.069445 34.250740 1.754598
v -12.913193 34.514763 2.567653
v -12.913193 34.180824 -0.498355
v -13.998396 32.814110 -0.470607
v -14.069445 34.129375 -0.432252
v -12.984238 32.869415 -0.527648
v -14.069445 34.075325 0.263694
v -13.998396 32.715637 0.163759
v -12.913193 34.099747 0.359753
v -13.947741 31.297749 -0.564531
v -13.034895 31.353121 -0.619313
v -13.947741 31.200827 0.046224
v -12.984238 32.733826 0.253552
v -13.910101 30.038012 -0.605467
v -13.072535 30.093302 -0.651488
v -13.910101 29.946850 -0.086628
v -13.034895 31.219250 0.132760
v -13.486778 29.983078 2.126260
v -13.918724 30.379362 2.311821
v -13.918724 30.256725 1.785596
v -14.069445 34.125725 1.156760
v -14.069445 34.075325 0.263694
v -13.991753 32.623447 0.475580
v -13.991753 32.673756 1.253144
v -12.902777 34.100075 1.070221
v -12.990191 32.647808 0.559224
v -13.939951 31.113441 0.472411
v -13.939951 31.164566 1.218067
v -12.981140 32.648174 1.177842
v -13.041521 31.138210 0.552623
v -13.895750 29.883020 0.503367
v -13.895750 29.933397 1.206580
v -13.033409 31.138577 1.145857
v -13.085323 29.907415 0.579013
v -14.069445 34.250740 1.754598
v -14.069445 34.125725 1.156760
v -13.971582 32.669308 1.472728
v -13.971582 32.784084 2.017144
v -13.001490 32.645748 1.393969
v -12.913193 34.275158 1.877685
v -13.934679 31.379593 1.650140
v -13.934679 31.506462 2.234062
v -13.038723 31.355433 1.571953
v -13.010170 32.806545 2.129251
v -13.054832 30.233408 1.715136
v -13.046738 31.529478 2.345354
v -13.922243 32.874889 2.306712
v -14.069445 34.250740 1.754598
v -13.060390 32.896114 2.413056
v -14.069445 34.490341 2.498620
v -13.922243 33.083385 2.949422
v -12.913193 34.514763 2.567653
v -13.880634 31.597660 2.652491
v -13.102001 31.618364 2.751979
v -13.880634 31.800932 3.253761
v -13.060390 33.104610 3.009054
v -13.846905 30.458023 2.953493
v -13.135729 30.479622 3.046486
v -13.846905 30.670460 3.515517
v -13.102001 31.821642 3.309545
v -13.491318 29.779352 -0.354179
v -13.486877 29.594648 0.873555
v -13.491318 30.289326 3.418473
v -12.550808 35.871544 -0.573467
v -13.600121 34.215725 -1.586878
v -13.059580 34.363598 -1.511540
v -14.069445 34.125725 1.156760
v -11.860083 38.682575 0.171047
v -11.383852 38.293732 1.626894
v -12.594604 34.995300 -0.567339
v -12.201494 37.180264 -0.467887
v -12.745625 38.813534 0.195746
v -13.507076 36.927990 -0.406180
v -11.980007 38.548000 2.654386
v -12.888205 35.007854 2.613560
v -14.205008 35.196293 2.572636
v -13.600121 34.101852 -2.184038
v -13.600121 34.215725 -1.586878
v -13.600121 35.362217 -1.026190
v -12.550808 35.871544 -0.573467
v -13.059580 35.510067 -0.950856
v -13.059580 36.047211 -1.647821
v -13.059580 34.363598 -1.511540
v -13.059580 34.249706 -2.108705
v -13.600121 35.899342 -1.723164
v -13.600121 35.513474 -0.598505
v -12.913193 34.180824 -0.498355
v -12.913193 34.099747 0.359753
v -12.913193 34.275158 1.877685
v -12.913193 34.514763 2.567653
v -14.114622 35.154503 -0.536174
v -13.910101 30.038012 -0.605467
v -13.072535 30.093302 -0.651488
v -13.491318 29.779352 -0.354179
v -13.910101 29.946850 -0.086628
v -13.072535 29.966476 -0.012752
v -13.135729 30.479622 3.046486
v -13.491318 30.289326 3.418473
v -13.846905 30.458023 2.953493
v -13.846905 30.670460 3.515517
v -13.135729 30.692059 3.567662
v -12.913193 34.180824 -0.498355
v -12.913193 34.099747 0.359753
v -12.984238 32.733826 0.253552
v -12.984238 32.869415 -0.527648
v -14.069445 34.129375 -0.432252
v -13.998396 32.715637 0.163759
v -13.034895 31.219250 0.132760
v -13.034895 31.353121 -0.619313
v -13.998396 32.814110 -0.470607
v -13.947741 31.200827 0.046224
v -13.947741 31.297749 -0.564531
v -13.078005 29.907782 1.138479
v -13.895750 29.933397 1.206580
v -13.486877 29.594648 0.873555
v -13.895750 29.883020 0.503367
v -13.085323 29.907415 0.579013
v -13.062557 30.401571 2.412118
v -13.486778 29.983078 2.126260
v -13.054832 30.233408 1.715136
v -12.981140 32.648174 1.177842
v -12.902777 34.100075 1.070221
v -13.991753 32.673756 1.253144
v -12.913193 34.099747 0.359753
v -12.990191 32.647808 0.559224
v -14.069445 34.075325 0.263694
v -13.033409 31.138577 1.145857
v -13.939951 31.164566 1.218067
v -13.041521 31.138210 0.552623
v -13.991753 32.623447 0.475580
v -13.939951 31.113441 0.472411
v -14.069445 34.125725 1.156760
v -12.902777 34.100075 1.070221
v -13.001490 32.645748 1.393969
v -13.010170 32.806545 2.129251
v -12.913193 34.275158 1.877685
v -13.971582 32.784084 2.017144
v -13.971582 32.669308 1.472728
v -13.038723 31.355433 1.571953
v -13.046738 31.529478 2.345354
v -13.934679 31.506462 2.234062
v -13.934679 31.379593 1.650140
v -13.918724 30.379362 2.311821
v -12.913193 34.275158 1.877685
v -12.913193 34.514763 2.567653
v -13.060390 33.104610 3.009054
v -13.060390 32.896114 2.413056
v -14.069445 34.250740 1.754598
v -13.922243 33.083385 2.949422
v -13.102001 31.821642 3.309545
v -13.102001 31.618364 2.751979
v -13.922243 32.874889 2.306712
v -13.880634 31.800932 3.253761
v -13.880634 31.597660 2.652491
v -13.918724 30.256725 1.785596
v -12.902777 34.100075 1.070221
# 775 vertices

vt 0.924626 0.526882
vt 0.827658 0.545106
vt 0.827826 0.527195
vt 0.953401 0.527198
vt 0.945349 0.580350
vt 0.927983 0.558840
vt 0.990992 0.527073
vt 0.988414 0.620337
vt 0.731580 0.559201
vt 0.703909 0.526844
vt 0.735897 0.526764
vt 0.712273 0.583992
vt 0.668602 0.526850
vt 0.668528 0.620337
vt 0.807014 0.561794
vt 0.751819 0.580342
vt 0.905134 0.588211
vt 0.848939 0.561659
vt 0.827689 0.619622
vt 0.828298 0.665513
vt 0.818206 0.645746
vt 0.816683 0.616199
vt 0.811504 0.617327
vt 0.813456 0.669125
vt 0.797535 0.650822
vt 0.797239 0.662560
vt 0.793810 0.671226
vt 0.782960 0.663419
vt 0.786388 0.626341
vt 0.828298 0.696185
vt 0.796389 0.694834
vt 0.781117 0.695035
vt 0.828466 0.729081
vt 0.764934 0.740150
vt 0.728688 0.747408
vt 0.730897 0.729582
vt 0.748116 0.699822
vt 0.732291 0.763021
vt 0.828633 0.754823
vt 0.828298 0.776928
vt 0.750095 0.668411
vt 0.752091 0.624058
vt 0.728743 0.707148
vt 0.739229 0.692689
vt 0.731352 0.670705
vt 0.717152 0.700386
vt 0.720195 0.682255
vt 0.827403 0.616580
vt 0.827761 0.607849
vt 0.800185 0.599677
vt 0.828298 0.573001
vt 0.828298 0.582685
vt 0.814342 0.582726
vt 0.828298 0.587761
vt 0.828298 0.594210
vt 0.755024 0.597016
vt 0.723804 0.620213
vt 0.828298 0.566455
vt 0.822842 0.558987
vt 0.700765 0.630890
vt 0.703756 0.661154
vt 0.668355 0.646328
vt 0.668355 0.674464
vt 0.696867 0.691469
vt 0.719545 0.768583
vt 0.691377 0.754037
vt 0.710542 0.725867
vt 0.668355 0.703712
vt 0.668355 0.726466
vt 0.668355 0.761586
vt 0.838390 0.645746
vt 0.839912 0.616199
vt 0.845092 0.617327
vt 0.843139 0.671140
vt 0.859061 0.650822
vt 0.860364 0.662560
vt 0.862786 0.671226
vt 0.873636 0.663419
vt 0.870207 0.626341
vt 0.859031 0.700542
vt 0.872456 0.699735
vt 0.874873 0.747537
vt 0.927571 0.746569
vt 0.925699 0.729582
vt 0.908479 0.699822
vt 0.924304 0.763021
vt 0.906501 0.668411
vt 0.904504 0.624058
vt 0.927852 0.707148
vt 0.917367 0.692689
vt 0.925243 0.670705
vt 0.939443 0.700386
vt 0.936401 0.682255
vt 0.853728 0.599856
vt 0.842254 0.582726
vt 0.901572 0.597016
vt 0.932791 0.620213
vt 0.835031 0.558206
vt 0.955830 0.630890
vt 0.952839 0.661154
vt 0.988241 0.646328
vt 0.988241 0.674464
vt 0.959728 0.691469
vt 0.988291 0.766669
vt 0.965237 0.753996
vt 0.946053 0.725867
vt 0.988241 0.703712
vt 0.988241 0.726466
vt 0.988241 0.747641
vt 0.929346 0.966571
vt 0.967258 0.961925
vt 0.929346 0.938644
vt 0.964724 0.934896
vt 0.929346 0.913964
vt 0.963035 0.912063
vt 0.929346 0.878514
vt 0.957122 0.878698
vt 0.929346 0.841269
vt 0.961741 0.841269
vt 0.980845 0.878065
vt 0.980951 0.912617
vt 0.980961 0.843961
vt 0.981002 0.940447
vt 0.980931 0.960605
vt 0.946330 0.978885
vt 0.958783 0.976344
vt 0.947684 0.994717
vt 0.980492 0.988233
vt 0.980655 0.971506
vt 0.995692 0.940403
vt 0.981015 0.817410
vt 0.971011 0.809060
vt 0.958394 0.805839
vt 0.939772 0.800086
vt 0.929346 0.804322
vt 0.933279 0.795095
vt 0.891435 0.961925
vt 0.893969 0.934896
vt 0.895658 0.912063
vt 0.901571 0.878698
vt 0.896952 0.841269
vt 0.876638 0.878065
vt 0.876834 0.912315
vt 0.875917 0.846079
vt 0.876481 0.940447
vt 0.876249 0.960908
vt 0.899910 0.976344
vt 0.912363 0.978885
vt 0.903143 0.994414
vt 0.875780 0.987628
vt 0.875617 0.974229
vt 0.852110 0.940101
vt 0.887984 0.811783
vt 0.875258 0.814385
vt 0.900299 0.805839
vt 0.918921 0.800086
vt 0.925414 0.795095
vt 0.913599 0.994792
vt 0.923279 0.994840
vt 0.930942 0.994749
vt 0.939120 0.994801
vt 0.745387 0.875419
vt 0.748293 0.843783
vt 0.724616 0.843412
vt 0.724718 0.875449
vt 0.738664 0.913382
vt 0.724877 0.913283
vt 0.721965 0.940406
vt 0.735543 0.940286
vt 0.749723 0.972145
vt 0.740454 0.976198
vt 0.765869 0.987839
vt 0.737602 0.958345
vt 0.753248 0.953013
vt 0.756366 0.931379
vt 0.757210 0.909996
vt 0.759319 0.873720
vt 0.762693 0.845135
vt 0.786702 0.973003
vt 0.786702 0.953145
vt 0.786868 0.931479
vt 0.786868 0.908863
vt 0.786868 0.872458
vt 0.786868 0.844878
vt 0.724459 0.821794
vt 0.742221 0.814395
vt 0.758278 0.806796
vt 0.773142 0.802838
vt 0.786659 0.825862
vt 0.782940 0.793739
vt 0.852504 0.842876
vt 0.825442 0.843783
vt 0.830505 0.873926
vt 0.852353 0.875279
vt 0.835071 0.913382
vt 0.852240 0.913437
vt 0.838192 0.940286
vt 0.805378 0.987507
vt 0.831291 0.978354
vt 0.823681 0.972145
vt 0.835801 0.958345
vt 0.820156 0.953013
vt 0.817369 0.931379
vt 0.816525 0.909996
vt 0.814416 0.873720
vt 0.811042 0.845135
vt 0.850662 0.819711
vt 0.830218 0.813341
vt 0.815457 0.806796
vt 0.802039 0.803127
vt 0.790795 0.793739
vt 0.762279 0.992313
vt 0.772894 0.993685
vt 0.786601 0.987602
vt 0.798698 0.993821
vt 0.537463 0.866038
vt 0.532577 0.911044
vt 0.576656 0.900937
vt 0.529935 0.935382
vt 0.587998 0.918991
vt 0.529571 0.949763
vt 0.549889 0.785308
vt 0.527951 0.851770
vt 0.567368 0.802242
vt 0.587479 0.817533
vt 0.619943 0.826044
vt 0.560520 0.717935
vt 0.586227 0.725019
vt 0.606771 0.729094
vt 0.629720 0.734732
vt 0.572977 0.653209
vt 0.587209 0.660150
vt 0.612947 0.663688
vt 0.637537 0.669047
vt 0.588378 0.550917
vt 0.612740 0.555996
vt 0.626936 0.558096
vt 0.643475 0.563095
vt 0.216144 0.585531
vt 0.257759 0.573563
vt 0.252785 0.624685
vt 0.194171 0.570194
vt 0.257789 0.543459
vt 0.176646 0.668332
vt 0.198570 0.677971
vt 0.222564 0.693208
vt 0.252487 0.637991
vt 0.243816 0.708492
vt 0.161101 0.759067
vt 0.180952 0.766862
vt 0.204534 0.770568
vt 0.218188 0.775864
vt 0.153861 0.824753
vt 0.173813 0.832517
vt 0.203198 0.835579
vt 0.220728 0.840590
vt 0.146769 0.931281
vt 0.162794 0.938560
vt 0.179042 0.939960
vt 0.200712 0.945190
vt 0.473356 0.915030
vt 0.519080 0.925513
vt 0.514011 0.878829
vt 0.521819 0.950759
vt 0.460119 0.936426
vt 0.523383 0.865910
vt 0.501122 0.795088
vt 0.482991 0.812653
vt 0.462129 0.828515
vt 0.444012 0.836746
vt 0.484343 0.720588
vt 0.463428 0.732551
vt 0.442118 0.736778
vt 0.420965 0.748394
vt 0.462410 0.665262
vt 0.477173 0.658063
vt 0.435712 0.668933
vt 0.407002 0.680259
vt 0.458842 0.552490
vt 0.435926 0.557225
vt 0.421202 0.559403
vt 0.397382 0.572066
vt 0.274084 0.624685
vt 0.269110 0.573563
vt 0.318224 0.587838
vt 0.265619 0.542882
vt 0.265407 0.527845
vt 0.341351 0.570771
vt 0.351376 0.667178
vt 0.328299 0.677971
vt 0.274382 0.637991
vt 0.304305 0.693208
vt 0.283053 0.708492
vt 0.368075 0.756760
vt 0.345917 0.766862
vt 0.322334 0.770568
vt 0.300029 0.781056
vt 0.279590 0.790700
vt 0.306141 0.840590
vt 0.374738 0.823599
vt 0.353056 0.832517
vt 0.323671 0.835579
vt 0.384715 0.933011
vt 0.368113 0.937406
vt 0.347827 0.939960
vt 0.334233 0.945190
vt 0.887835 0.052804
vt 0.917128 0.040925
vt 0.853959 0.041940
vt 0.921336 0.065864
vt 0.852346 0.069665
vt 0.873587 0.304250
vt 0.861691 0.454192
vt 0.879893 0.460378
vt 0.887819 0.304608
vt 0.854305 0.306455
vt 0.835997 0.446672
vt 0.897142 0.466670
vt 0.908456 0.307645
vt 0.834236 0.304208
vt 0.822601 0.441383
vt 0.876573 0.246822
vt 0.890894 0.248827
vt 0.856987 0.249384
vt 0.911401 0.254566
vt 0.836997 0.252020
vt 0.886486 0.117753
vt 0.891412 0.118012
vt 0.864859 0.117946
vt 0.916200 0.121270
vt 0.843364 0.116263
vt 0.827014 0.118921
vt 0.886625 0.101257
vt 0.912083 0.098275
vt 0.864846 0.097828
vt 0.929013 0.102826
vt 0.849789 0.087958
vt 0.789666 0.039924
vt 0.726094 0.041731
vt 0.756596 0.049175
vt 0.708981 0.065864
vt 0.801360 0.060794
vt 0.766151 0.458361
vt 0.781530 0.454192
vt 0.769634 0.304250
vt 0.755403 0.304608
vt 0.807225 0.446672
vt 0.788917 0.306455
vt 0.748499 0.463848
vt 0.734362 0.307645
vt 0.820620 0.441383
vt 0.808985 0.304208
vt 0.766648 0.246822
vt 0.752328 0.248827
vt 0.786234 0.249384
vt 0.731417 0.254566
vt 0.806224 0.252020
vt 0.756736 0.117753
vt 0.741325 0.120029
vt 0.774329 0.118753
vt 0.722182 0.123690
vt 0.787356 0.117473
vt 0.808545 0.118114
vt 0.756597 0.101257
vt 0.727912 0.099081
vt 0.786843 0.097828
vt 0.712192 0.103632
vt 0.803917 0.079087
vt 0.521584 0.045612
vt 0.466304 0.054715
vt 0.506936 0.084030
vt 0.471956 0.094565
vt 0.523253 0.308211
vt 0.541786 0.452090
vt 0.554151 0.450799
vt 0.545339 0.303543
vt 0.469103 0.309399
vt 0.472756 0.469635
vt 0.498065 0.463418
vt 0.488372 0.307407
vt 0.517257 0.458757
vt 0.504235 0.306855
vt 0.520592 0.258530
vt 0.542578 0.251355
vt 0.466158 0.256320
vt 0.485377 0.257679
vt 0.501330 0.259899
vt 0.522317 0.120676
vt 0.467811 0.122622
vt 0.485719 0.119818
vt 0.501285 0.119148
vt 0.517689 0.089713
vt 0.540244 0.094630
vt 0.535281 0.111636
vt 0.457418 0.104177
vt 0.467902 0.102968
vt 0.460680 0.083621
vt 0.495946 0.086046
vt 0.608994 0.082013
vt 0.633495 0.084958
vt 0.581441 0.071016
vt 0.632682 0.070773
vt 0.557342 0.450396
vt 0.571723 0.452090
vt 0.590256 0.308211
vt 0.569784 0.303140
vt 0.619074 0.463015
vt 0.645593 0.470441
vt 0.642390 0.307786
vt 0.625138 0.307407
vt 0.596253 0.458757
vt 0.609274 0.306855
vt 0.592918 0.258530
vt 0.572544 0.250951
vt 0.645335 0.254707
vt 0.628133 0.257679
vt 0.612180 0.259899
vt 0.595628 0.119869
vt 0.648522 0.121412
vt 0.634646 0.119818
vt 0.616257 0.119551
vt 0.588309 0.127363
vt 0.576895 0.102694
vt 0.592191 0.091326
vt 0.635527 0.104177
vt 0.650410 0.083217
vt 0.622403 0.044915
vt 0.127339 0.412441
vt 0.098684 0.495328
vt 0.062162 0.485762
vt 0.061855 0.413322
vt 0.124601 0.449799
vt 0.111922 0.489516
vt 0.128652 0.420003
vt 0.137661 0.416817
vt 0.152342 0.428131
vt 0.149471 0.392667
vt 0.162050 0.390268
vt 0.160463 0.393383
vt 0.110491 0.389709
vt 0.125150 0.390848
vt 0.079086 0.393404
vt 0.062465 0.398689
vt 0.052475 0.403945
vt 0.132707 0.391695
vt 0.145556 0.277642
vt 0.159169 0.287100
vt 0.148004 0.287358
vt 0.132200 0.282295
vt 0.137075 0.285438
vt 0.037946 0.299051
vt 0.027678 0.290518
vt 0.042863 0.291681
vt 0.018607 0.304218
vt 0.026108 0.303526
vt 0.154189 0.346525
vt 0.144355 0.373540
vt 0.145163 0.345835
vt 0.129696 0.372401
vt 0.131801 0.343760
vt 0.124116 0.371730
vt 0.154935 0.314349
vt 0.147142 0.313894
vt 0.134277 0.311852
vt 0.124693 0.343432
vt 0.129609 0.310817
vt 0.102149 0.273277
vt 0.095134 0.284680
vt 0.088033 0.282481
vt 0.116889 0.279391
vt 0.109947 0.283619
vt 0.074402 0.286986
vt 0.063318 0.289570
vt 0.067226 0.278140
vt 0.110532 0.341344
vt 0.114996 0.371927
vt 0.096184 0.372989
vt 0.094154 0.342404
vt 0.090893 0.373634
vt 0.117780 0.340434
vt 0.110599 0.309537
vt 0.094892 0.310614
vt 0.088627 0.343287
vt 0.117682 0.309584
vt 0.086455 0.311489
vt 0.080992 0.337806
vt 0.087648 0.368484
vt 0.075055 0.371117
vt 0.069525 0.340223
vt 0.086919 0.335650
vt 0.067483 0.373054
vt 0.077255 0.310639
vt 0.064955 0.313311
vt 0.084593 0.308470
vt 0.059576 0.343779
vt 0.079917 0.281753
vt 0.056684 0.314982
vt 0.059051 0.346613
vt 0.063200 0.378941
vt 0.051570 0.349960
vt 0.047528 0.383988
vt 0.038032 0.354352
vt 0.039435 0.385925
vt 0.052149 0.319699
vt 0.044286 0.323056
vt 0.031621 0.327338
vt 0.030137 0.357881
vt 0.023570 0.330619
vt 0.055751 0.290038
vt 0.147884 0.395782
vt 0.091679 0.390771
vt 0.240793 0.171231
vt 0.288396 0.242789
vt 0.256812 0.251225
vt 0.242950 0.218633
vt 0.247627 0.254777
vt 0.249032 0.211500
vt 0.309090 0.178616
vt 0.310687 0.248305
vt 0.323614 0.177251
vt 0.324720 0.251148
vt 0.215718 0.190844
vt 0.239405 0.179153
vt 0.208817 0.201164
vt 0.228916 0.186666
vt 0.237103 0.193086
vt 0.198106 0.165014
vt 0.219123 0.162979
vt 0.218674 0.154318
vt 0.231036 0.164489
vt 0.260906 0.151802
vt 0.242289 0.153561
vt 0.308805 0.160806
vt 0.293837 0.155608
vt 0.232995 0.104149
vt 0.235299 0.133783
vt 0.216683 0.135541
vt 0.216047 0.107091
vt 0.207210 0.136322
vt 0.241717 0.103043
vt 0.230374 0.071291
vt 0.214058 0.074196
vt 0.206378 0.108736
vt 0.240115 0.070655
vt 0.227218 0.044113
vt 0.213360 0.046864
vt 0.204577 0.075840
vt 0.236996 0.043687
vt 0.294341 0.047059
vt 0.303260 0.041628
vt 0.309462 0.050707
vt 0.279339 0.100475
vt 0.268258 0.131418
vt 0.270592 0.099920
vt 0.252844 0.131411
vt 0.257172 0.099912
vt 0.244833 0.131830
vt 0.279052 0.065837
vt 0.269898 0.067170
vt 0.257029 0.067162
vt 0.248718 0.101043
vt 0.278092 0.040313
vt 0.269738 0.040468
vt 0.257601 0.040460
vt 0.248175 0.067336
vt 0.287373 0.099394
vt 0.280350 0.130945
vt 0.272506 0.131027
vt 0.313222 0.105477
vt 0.297868 0.134743
vt 0.303325 0.102882
vt 0.291235 0.071401
vt 0.280309 0.098008
vt 0.316032 0.077285
vt 0.308013 0.075177
vt 0.283684 0.070502
vt 0.317244 0.050462
vt 0.341617 0.118832
vt 0.332041 0.149425
vt 0.317073 0.144227
vt 0.328687 0.114309
vt 0.308000 0.140615
vt 0.353838 0.120980
vt 0.348136 0.090999
vt 0.336040 0.086589
vt 0.320452 0.109818
vt 0.358307 0.093158
vt 0.353736 0.066493
vt 0.342429 0.061884
vt 0.326294 0.082820
vt 0.361378 0.068870
vt 0.219810 0.040053
vt 0.263991 0.033675
vt 0.350499 0.057756
vt 0.230601 0.175872
vt 0.276319 0.151809
vt 0.304733 0.485033
vt 0.268211 0.494598
vt 0.239556 0.411712
vt 0.305040 0.412592
vt 0.254973 0.488787
vt 0.242294 0.449069
vt 0.319091 0.480585
vt 0.236583 0.419036
vt 0.214553 0.427401
vt 0.229234 0.416087
vt 0.204845 0.389539
vt 0.194813 0.396921
vt 0.211635 0.439052
vt 0.236291 0.408596
vt 0.241745 0.390119
vt 0.256404 0.388980
vt 0.303481 0.397722
vt 0.287809 0.392675
vt 0.313234 0.401082
vt 0.234425 0.391676
vt 0.226948 0.346765
vt 0.227755 0.374470
vt 0.217447 0.347456
vt 0.242415 0.373331
vt 0.240310 0.344691
vt 0.249181 0.373134
vt 0.224969 0.314824
vt 0.215280 0.316464
vt 0.237834 0.312782
vt 0.248603 0.344125
vt 0.224107 0.288289
vt 0.214839 0.289690
vt 0.235036 0.286368
vt 0.247245 0.311748
vt 0.310338 0.288554
vt 0.314246 0.296901
vt 0.303162 0.294318
vt 0.274267 0.373208
vt 0.255456 0.372146
vt 0.259919 0.341563
vt 0.276298 0.342623
vt 0.281217 0.374090
vt 0.251248 0.341365
vt 0.259852 0.309756
vt 0.275559 0.310833
vt 0.283010 0.342795
vt 0.251346 0.309566
vt 0.260504 0.283838
vt 0.275317 0.284899
vt 0.284233 0.311708
vt 0.251428 0.283166
vt 0.302509 0.378449
vt 0.289916 0.375816
vt 0.296572 0.345137
vt 0.308039 0.347555
vt 0.288511 0.343218
vt 0.310081 0.379675
vt 0.300309 0.317970
vt 0.312609 0.320643
vt 0.292023 0.316513
vt 0.316803 0.349451
vt 0.295039 0.291693
vt 0.322303 0.323025
vt 0.333344 0.350179
vt 0.321714 0.379160
vt 0.323255 0.347781
vt 0.337386 0.384207
vt 0.346882 0.354571
vt 0.345242 0.386856
vt 0.340628 0.323275
vt 0.333476 0.320866
vt 0.353293 0.327557
vt 0.353117 0.356441
vt 0.346968 0.299270
vt 0.338494 0.296879
vt 0.358806 0.303744
vt 0.363241 0.330127
vt 0.229400 0.280706
vt 0.268302 0.277764
vt 0.356762 0.295716
vt 0.233554 0.409271
vt 0.217423 0.391937
vt 0.226124 0.389125
vt 0.275216 0.390042
vt 0.116717 0.252576
vt 0.085133 0.244140
vt 0.126808 0.174242
vt 0.130578 0.219984
vt 0.116181 0.255417
vt 0.138012 0.227551
vt 0.062842 0.249656
vt 0.063727 0.172854
vt 0.052286 0.169829
vt 0.178005 0.153199
vt 0.165050 0.155669
vt 0.156442 0.149482
vt 0.132868 0.191592
vt 0.154571 0.185884
vt 0.163527 0.200856
vt 0.163415 0.158877
vt 0.175896 0.169447
vt 0.180336 0.191246
vt 0.135783 0.176947
vt 0.131239 0.154912
vt 0.112623 0.153153
vt 0.079692 0.156959
vt 0.064723 0.162157
vt 0.141543 0.162284
vt 0.164860 0.040614
vt 0.157797 0.043710
vt 0.151584 0.036899
vt 0.136295 0.039111
vt 0.143702 0.041670
vt 0.027780 0.049721
vt 0.018050 0.043221
vt 0.032879 0.044747
vt 0.008831 0.053149
vt 0.016473 0.054329
vt 0.154712 0.132388
vt 0.136096 0.130629
vt 0.138400 0.100996
vt 0.155347 0.103937
vt 0.165133 0.132220
vt 0.131338 0.100601
vt 0.141020 0.068137
vt 0.157336 0.071042
vt 0.167151 0.104397
vt 0.133176 0.068212
vt 0.168477 0.070315
vt 0.104264 0.038263
vt 0.098045 0.035025
vt 0.110012 0.031470
vt 0.121362 0.032273
vt 0.116402 0.038255
vt 0.059799 0.047553
vt 0.062918 0.034443
vt 0.074920 0.043905
vt 0.103410 0.097715
vt 0.105745 0.129213
vt 0.096086 0.099218
vt 0.121158 0.129206
vt 0.116831 0.097707
vt 0.130119 0.128202
vt 0.104104 0.064965
vt 0.095425 0.065529
vt 0.116974 0.064957
vt 0.125522 0.097179
vt 0.126302 0.065131
vt 0.096280 0.126450
vt 0.088911 0.127791
vt 0.081887 0.096240
vt 0.065936 0.099728
vt 0.071393 0.131589
vt 0.060069 0.100426
vt 0.089188 0.094380
vt 0.078026 0.068247
vt 0.061247 0.072023
vt 0.056074 0.073657
vt 0.082494 0.067111
vt 0.052491 0.044700
vt 0.053136 0.132063
vt 0.038168 0.137261
vt 0.028592 0.106669
vt 0.041521 0.102145
vt 0.062683 0.127028
vt 0.021350 0.108579
vt 0.022073 0.078835
vt 0.034169 0.074425
vt 0.053313 0.098128
vt 0.015221 0.081942
vt 0.042966 0.071368
vt 0.078133 0.036586
vt 0.097209 0.153160
# 769 texture coordinates

vn -0.838802 0.042155 -0.542802
vn 0.028532 -0.999579 0.005341
vn 0.060143 0.359021 -0.931390
vn -0.952024 -0.084661 0.294081
vn -0.814485 -0.223810 0.535278
vn -0.904070 -0.405520 -0.134946
vn -0.577304 0.131108 0.805935
vn -0.413845 -0.242372 0.877490
vn 0.883688 -0.461998 -0.075189
vn 0.941955 -0.162539 0.293772
vn 0.877742 -0.026317 -0.478409
vn 0.789392 -0.273993 0.549352
vn 0.624096 0.081589 0.777076
vn 0.420956 -0.240669 0.874571
vn 0.765305 -0.627392 -0.143832
vn 0.747493 -0.657656 0.093506
vn -0.767925 -0.637723 0.060006
vn -0.766411 -0.626138 -0.143408
vn -0.000000 -0.201978 -0.979390
vn -0.000000 -0.095114 -0.995466
vn 0.657880 -0.054914 -0.751118
vn 0.790483 -0.215723 -0.573236
vn 0.808818 -0.031507 -0.587215
vn 0.356573 -0.282631 -0.890492
vn 0.430418 -0.470581 -0.770256
vn 0.371785 -0.632502 -0.679498
vn 0.561030 -0.223929 -0.796932
vn 0.758619 -0.326182 -0.564005
vn 0.709066 -0.232195 -0.665816
vn -0.000000 0.255614 -0.966779
vn 0.506508 0.317195 -0.801771
vn 0.810447 0.242889 -0.533086
vn -0.000000 0.566913 -0.823778
vn 0.557034 0.583584 -0.590883
vn 0.691055 0.709214 -0.139496
vn 0.865758 0.473904 0.160869
vn 0.976007 0.090298 -0.198135
vn 0.422854 0.898430 -0.118396
vn -0.000000 0.832887 -0.553443
vn 0.057653 0.950493 -0.305351
vn 0.969190 -0.130644 -0.208813
vn 0.954367 -0.284102 -0.092027
vn 0.966765 0.138345 0.215004
vn 0.999006 0.032359 -0.030666
vn 0.935784 -0.201995 0.288974
vn 0.775290 0.146836 0.614300
vn 0.716591 -0.185450 0.672388
vn -0.000000 -0.615781 -0.787917
vn 0.000000 -0.210249 -0.977648
vn 0.785958 -0.177607 -0.592221
vn 0.000000 -0.780804 -0.624776
vn 0.000000 -0.535325 -0.844646
vn 0.685312 -0.316991 -0.655641
vn 0.000000 0.160902 -0.986970
vn -0.000000 0.097779 -0.995208
vn 0.884930 -0.429374 -0.180378
vn 0.850513 -0.360824 0.382667
vn -0.000526 -0.999621 0.027514
vn 0.490717 -0.774014 0.400124
vn 0.557802 -0.349173 0.752951
vn 0.547887 -0.269749 0.791868
vn 0.331718 -0.298784 0.894814
vn 0.396573 -0.245301 0.884623
vn 0.507429 -0.123618 0.852781
vn 0.311599 0.928951 0.199890
vn 0.487028 0.726367 0.484969
vn 0.644942 0.373968 0.666481
vn 0.476874 0.100906 0.873161
vn 0.534200 0.434184 0.725338
vn 0.483026 0.720710 0.497256
vn -0.657880 -0.054914 -0.751118
vn -0.790483 -0.215723 -0.573236
vn -0.808817 -0.031507 -0.587215
vn -0.356573 -0.282631 -0.890492
vn -0.430417 -0.470581 -0.770256
vn -0.371785 -0.632502 -0.679498
vn -0.561030 -0.223929 -0.796932
vn -0.758619 -0.326182 -0.564005
vn -0.709066 -0.232196 -0.665816
vn -0.506508 0.317195 -0.801771
vn -0.810446 0.242889 -0.533087
vn -0.557033 0.583584 -0.590883
vn -0.691054 0.709214 -0.139496
vn -0.865757 0.473904 0.160869
vn -0.976007 0.090297 -0.198134
vn -0.474712 0.870359 -0.130859
vn -0.969190 -0.130644 -0.208813
vn -0.954367 -0.284102 -0.092027
vn -0.966765 0.138344 0.215004
vn -0.999006 0.032358 -0.030664
vn -0.935784 -0.201995 0.288974
vn -0.775290 0.146835 0.614300
vn -0.716591 -0.185451 0.672388
vn -0.785958 -0.177606 -0.592221
vn -0.685312 -0.316991 -0.655641
vn -0.884930 -0.429374 -0.180378
vn -0.866475 -0.338013 0.367380
vn -0.492944 -0.771164 0.402880
vn -0.562720 -0.338880 0.753994
vn -0.547887 -0.269749 0.791868
vn -0.330926 -0.300772 0.894441
vn -0.396573 -0.245301 0.884623
vn -0.507429 -0.123619 0.852781
vn -0.163868 0.984928 -0.055358
vn -0.487028 0.726367 0.484969
vn -0.374998 0.869749 0.320802
vn -0.644942 0.373968 0.666481
vn -0.476873 0.100906 0.873161
vn -0.534200 0.434184 0.725338
vn -0.483026 0.720710 0.497256
vn 0.008928 0.582355 -0.812885
vn 0.515030 0.377106 -0.769763
vn 0.000000 0.154432 -0.988003
vn 0.574848 0.026760 -0.817823
vn 0.000000 -0.076979 -0.997033
vn 0.643436 -0.158399 -0.748932
vn 0.000000 -0.137617 -0.990486
vn 0.665477 -0.103267 -0.739241
vn 0.000000 -0.031560 -0.999502
vn 0.700097 0.107971 -0.705838
vn 0.848967 -0.011025 -0.528331
vn 0.892101 -0.197542 -0.406366
vn 0.837767 0.082620 -0.539741
vn 0.858141 -0.108100 -0.501905
vn 0.720769 0.228427 -0.654456
vn 0.456526 0.683545 -0.569518
vn 0.326073 0.786410 -0.524630
vn 0.456505 0.792128 -0.405138
vn 0.439353 0.838490 -0.322341
vn 0.574058 0.650006 -0.497946
vn 0.977165 -0.170616 -0.126645
vn 0.864272 0.172003 -0.472703
vn 0.724853 0.197306 -0.660045
vn 0.304622 0.035615 -0.951807
vn 0.327007 -0.471383 -0.819063
vn -0.000000 -0.816866 -0.576827
vn 0.125352 -0.984815 -0.120107
vn -0.515030 0.377106 -0.769763
vn -0.574848 0.026760 -0.817823
vn -0.643436 -0.158399 -0.748933
vn -0.665477 -0.103267 -0.739241
vn -0.700097 0.107971 -0.705838
vn -0.848967 -0.011025 -0.528331
vn -0.892101 -0.197542 -0.406366
vn -0.837767 0.082620 -0.539741
vn -0.858141 -0.108100 -0.501905
vn -0.720769 0.228427 -0.654457
vn -0.326073 0.786409 -0.524630
vn -0.485118 0.693388 -0.532799
vn -0.397530 0.816936 -0.417834
vn -0.439353 0.838489 -0.322342
vn -0.574058 0.650006 -0.497946
vn -0.977165 -0.170616 -0.126645
vn -0.724853 0.197306 -0.660045
vn -0.864272 0.172003 -0.472703
vn -0.304622 0.035615 -0.951807
vn -0.327007 -0.471383 -0.819063
vn -0.125352 -0.984815 -0.120107
vn -0.770392 0.564028 -0.297268
vn -0.722414 0.538365 -0.433913
vn 0.041861 0.606008 -0.794356
vn 0.709104 0.536246 -0.457835
vn 0.829262 -0.078845 0.553270
vn 0.746056 0.004594 0.665867
vn 0.974102 0.047040 0.221163
vn 0.997330 -0.070811 -0.017863
vn 0.889016 -0.174086 0.423491
vn 0.983451 -0.162695 -0.079714
vn 0.987444 -0.157799 -0.007336
vn 0.673289 -0.017569 0.739171
vn 0.346824 0.637197 0.688253
vn 0.487573 0.737168 0.467821
vn 0.464346 0.807931 0.362808
vn 0.524366 0.296654 0.798146
vn 0.318797 0.218711 0.922244
vn 0.326572 -0.032302 0.944620
vn 0.329272 -0.156658 0.931149
vn 0.330445 -0.061204 0.941839
vn 0.325788 0.015870 0.945310
vn 0.009066 0.584417 0.811402
vn 0.000000 0.193487 0.981103
vn 0.000000 -0.074309 0.997235
vn 0.000000 -0.151917 0.988393
vn 0.000000 -0.035186 0.999381
vn 0.000000 -0.094696 0.995506
vn 0.936732 0.071266 0.342715
vn 0.700923 0.009007 0.713180
vn 0.162201 -0.068912 0.984348
vn -0.197482 -0.386529 0.900886
vn -0.000000 -0.480434 0.877031
vn -0.352871 -0.636411 0.685903
vn -0.974102 0.047040 0.221163
vn -0.746056 0.004594 0.665867
vn -0.829262 -0.078845 0.553270
vn -0.997330 -0.070811 -0.017863
vn -0.889016 -0.174086 0.423492
vn -0.983451 -0.162695 -0.079714
vn -0.987444 -0.157799 -0.007336
vn -0.673288 -0.017569 0.739171
vn -0.341467 0.780860 0.523124
vn -0.487574 0.737167 0.467821
vn -0.346824 0.637197 0.688254
vn -0.524366 0.296654 0.798146
vn -0.318797 0.218711 0.922244
vn -0.326572 -0.032302 0.944620
vn -0.329272 -0.156658 0.931149
vn -0.330445 -0.061204 0.941839
vn -0.325788 0.015870 0.945310
vn -0.936732 0.071266 0.342715
vn -0.700923 0.009007 0.713180
vn -0.162201 -0.068912 0.984348
vn 0.197482 -0.386529 0.900886
vn 0.352871 -0.636411 0.685903
vn 0.680145 0.684792 -0.261655
vn 0.637075 0.763437 0.106300
vn 0.033158 0.712705 0.700680
vn -0.455286 0.671027 0.585181
vn -0.533419 -0.215664 -0.817895
vn 0.075610 0.329800 -0.941018
vn 0.378066 0.273227 -0.884541
vn 0.368655 0.777489 -0.509513
vn 0.703602 0.550244 -0.449640
vn 0.461431 0.820081 -0.338449
vn -0.885723 -0.311547 -0.344143
vn -0.991423 -0.116518 0.059195
vn -0.406472 -0.278508 -0.870180
vn 0.485586 0.002103 -0.874186
vn 0.658267 0.106277 -0.745245
vn -0.889356 -0.197055 -0.412570
vn -0.535109 -0.085552 -0.840440
vn 0.372256 0.040882 -0.927229
vn 0.658969 0.094986 -0.746149
vn -0.927975 -0.073831 -0.365255
vn -0.539561 -0.091093 -0.837004
vn 0.363967 0.026296 -0.931040
vn 0.674917 0.049694 -0.736219
vn -0.888440 -0.259768 -0.378411
vn -0.323928 -0.172935 -0.930142
vn 0.504066 -0.023079 -0.863357
vn 0.720998 0.010339 -0.692860
vn 0.603140 0.396193 0.692281
vn 0.084708 0.291445 0.952830
vn -0.245785 -0.066972 0.967008
vn 0.826769 0.562088 0.022576
vn 0.420526 0.734298 0.532883
vn 0.970939 0.192262 0.142523
vn 0.630054 0.127573 0.766000
vn -0.434427 -0.104401 0.894636
vn -0.880786 -0.224898 0.416697
vn -0.763757 -0.159846 0.625399
vn 0.954984 0.171325 0.242184
vn 0.638163 0.112704 0.761607
vn -0.407242 -0.045471 0.912188
vn -0.827227 -0.063880 0.558224
vn 0.962163 0.109862 0.249343
vn 0.643454 0.071176 0.762169
vn -0.425083 -0.052250 0.903645
vn -0.811944 -0.156724 0.562303
vn 0.969457 0.071683 0.234551
vn 0.467571 -0.040787 0.883014
vn -0.560858 -0.225898 0.796498
vn -0.804761 -0.263198 0.532059
vn -0.378066 0.273226 -0.884541
vn -0.075611 0.329800 -0.941018
vn 0.533420 -0.215664 -0.817895
vn -0.314398 0.743009 -0.590839
vn -0.768358 0.429243 -0.474739
vn 0.991423 -0.116519 0.059195
vn 0.902829 -0.270510 -0.334253
vn 0.382565 -0.250765 -0.889248
vn -0.485586 0.002103 -0.874187
vn -0.658266 0.106277 -0.745245
vn 0.801532 -0.250736 -0.542842
vn 0.351187 -0.104715 -0.930431
vn -0.372256 0.040882 -0.927229
vn -0.658969 0.094986 -0.746149
vn 0.541727 -0.089801 -0.835744
vn 0.918216 -0.122824 -0.376554
vn -0.363967 0.026296 -0.931041
vn -0.674916 0.049694 -0.736219
vn 0.894668 -0.256836 -0.365519
vn 0.323928 -0.172935 -0.930142
vn -0.504066 -0.023079 -0.863357
vn -0.720998 0.010339 -0.692860
vn 0.245785 -0.066972 0.967008
vn -0.084708 0.291445 0.952830
vn -0.603140 0.396193 0.692281
vn -0.479824 0.843543 0.241257
vn -0.461432 0.820081 -0.338449
vn -0.728023 0.677232 -0.106487
vn -0.970939 0.192262 0.142524
vn -0.630054 0.127573 0.766001
vn 0.880786 -0.224898 0.416697
vn 0.434427 -0.104401 0.894636
vn 0.717248 -0.104094 0.688999
vn -0.954984 0.171325 0.242185
vn -0.638163 0.112704 0.761607
vn 0.331054 -0.009072 0.943568
vn 0.889718 -0.076439 0.450066
vn 0.799410 -0.114236 -0.589826
vn 0.929480 -0.203936 0.307370
vn -0.962163 0.109862 0.249343
vn -0.643454 0.071176 0.762168
vn 0.383259 -0.072992 0.920752
vn -0.969457 0.071683 0.234550
vn -0.467571 -0.040787 0.883014
vn 0.571929 -0.223751 0.789197
vn 0.808106 -0.253636 0.531633
vn 0.275690 0.843575 -0.460842
vn 0.319818 0.818000 -0.478113
vn -0.116250 0.823235 -0.555671
vn 0.442707 0.619149 -0.648588
vn -0.507108 0.752038 -0.421046
vn 0.083161 -0.145951 -0.985790
vn 0.066448 -0.097552 -0.993010
vn 0.706160 -0.005939 -0.708027
vn 0.752654 -0.059138 -0.655755
vn -0.640810 -0.172195 -0.748139
vn -0.729224 -0.175689 -0.661337
vn 0.925006 0.039922 -0.377849
vn 0.905518 -0.018859 -0.423889
vn -0.916857 -0.155282 -0.367778
vn -0.955045 -0.134869 -0.264008
vn 0.078668 -0.233253 -0.969229
vn 0.769313 -0.119510 -0.627594
vn -0.681264 -0.225674 -0.696384
vn 0.908053 -0.075493 -0.411995
vn -0.971803 -0.149711 -0.182169
vn 0.081997 0.159751 -0.983746
vn 0.811419 0.192504 -0.551853
vn -0.635535 -0.068531 -0.769025
vn 0.876423 0.231925 -0.422012
vn -0.976340 -0.180574 -0.118969
vn -0.865927 -0.064687 0.495969
vn 0.202447 0.768488 -0.606993
vn 0.604738 0.656270 -0.451223
vn -0.713473 0.542863 -0.443007
vn 0.744414 0.587606 -0.317124
vn -0.894557 0.368210 -0.253355
vn 0.116250 0.823235 -0.555671
vn -0.319818 0.818000 -0.478113
vn -0.275690 0.843575 -0.460842
vn -0.442707 0.619148 -0.648588
vn 0.507108 0.752038 -0.421046
vn -0.706160 -0.005939 -0.708027
vn -0.066448 -0.097552 -0.993010
vn -0.083161 -0.145951 -0.985790
vn -0.752654 -0.059138 -0.655755
vn 0.729223 -0.175689 -0.661337
vn 0.640810 -0.172195 -0.748139
vn -0.925006 0.039923 -0.377849
vn -0.905517 -0.018859 -0.423890
vn 0.955045 -0.134869 -0.264008
vn 0.916857 -0.155282 -0.367779
vn -0.078668 -0.233253 -0.969229
vn -0.769313 -0.119510 -0.627595
vn 0.681264 -0.225674 -0.696384
vn -0.908053 -0.075493 -0.411996
vn 0.971803 -0.149711 -0.182169
vn -0.081996 0.159751 -0.983746
vn -0.811419 0.192504 -0.551853
vn 0.635535 -0.068530 -0.769025
vn -0.876422 0.231925 -0.422012
vn 0.976340 -0.180574 -0.118969
vn 0.865928 -0.064687 0.495969
vn -0.202447 0.768488 -0.606993
vn -0.604738 0.656270 -0.451223
vn 0.713473 0.542863 -0.443007
vn -0.744414 0.587606 -0.317123
vn 0.894557 0.368210 -0.253355
vn -0.526349 -0.848722 0.051266
vn 0.772259 -0.632374 -0.060984
vn -0.377569 -0.925981 0.000314
vn -0.005771 -0.999964 0.006208
vn -0.706391 0.037889 0.706807
vn -0.636371 -0.092848 0.765775
vn -0.880797 -0.112114 0.460029
vn -0.875201 0.018392 0.483410
vn 0.895138 0.093366 0.435903
vn 0.922055 0.064171 0.381702
vn 0.845302 0.052905 0.531664
vn 0.786158 0.116881 0.606873
vn 0.349208 -0.000831 0.937045
vn 0.118647 0.120551 0.985591
vn -0.695754 0.061114 0.715675
vn -0.873473 0.006255 0.486833
vn 0.887807 0.125916 0.442656
vn 0.785141 0.140311 0.603214
vn 0.151828 0.179252 0.972017
vn -0.680828 0.053520 0.730485
vn 0.883194 0.021517 0.468514
vn 0.839565 0.129959 0.527485
vn 0.179085 0.147352 0.972736
vn -0.991589 -0.129422 -0.000859
vn -0.978845 0.096855 0.180225
vn -0.902367 0.113412 -0.415778
vn -0.881364 -0.259386 0.394862
vn 0.878052 -0.032832 0.477438
vn 0.960046 0.278202 0.030253
vn 0.887638 0.255767 0.382992
vn -0.131846 -0.734049 0.666175
vn 0.377569 -0.925981 0.000314
vn -0.772259 -0.632375 -0.060984
vn 0.526348 -0.848722 0.051266
vn 0.005771 -0.999964 0.006208
vn 0.880797 -0.112114 0.460030
vn 0.636371 -0.092848 0.765775
vn 0.706391 0.037889 0.706807
vn 0.875201 0.018393 0.483410
vn -0.845302 0.052905 0.531664
vn -0.922055 0.064171 0.381702
vn -0.895137 0.093366 0.435903
vn -0.786157 0.116881 0.606874
vn -0.349208 -0.000831 0.937045
vn -0.118646 0.120551 0.985591
vn 0.695754 0.061114 0.715675
vn 0.873472 0.006255 0.486833
vn -0.887806 0.125917 0.442657
vn -0.785140 0.140311 0.603215
vn -0.151828 0.179252 0.972017
vn 0.680828 0.053520 0.730485
vn -0.883194 0.021517 0.468515
vn -0.839565 0.129959 0.527486
vn -0.179085 0.147352 0.972736
vn 0.902367 0.113412 -0.415778
vn 0.978845 0.096855 0.180225
vn 0.991589 -0.129422 -0.000859
vn 0.881365 -0.259386 0.394861
vn -0.965792 0.180204 0.186470
vn -0.887638 0.255766 0.382992
vn 0.131846 -0.734049 0.666175
vn 0.932323 0.097821 -0.348145
vn 0.877109 0.327907 -0.350937
vn 0.969429 0.224827 0.098290
vn 0.966076 -0.058369 0.251577
vn 0.567134 0.323958 -0.757239
vn 0.541354 0.446127 -0.712675
vn 0.780533 0.093248 -0.618121
vn 0.948843 -0.138716 0.283646
vn 0.888614 0.113914 -0.444285
vn 0.399819 -0.724476 0.561497
vn 0.849104 -0.353583 -0.392430
vn -0.275537 -0.643467 -0.714163
vn 0.999106 -0.042263 -0.000591
vn 0.721927 -0.101209 -0.684528
vn 0.981789 -0.183452 0.049349
vn 0.685872 -0.204918 0.698275
vn 0.056785 -0.114885 0.991754
vn 0.052205 -0.102997 -0.993311
vn 0.186846 -0.971033 -0.148943
vn 0.027595 -0.358621 -0.933075
vn 0.711168 -0.454958 -0.535961
vn 0.024129 -0.863907 0.503073
vn 0.561893 -0.674780 0.478486
vn 0.746320 -0.580837 -0.325015
vn 0.299832 -0.876287 0.377124
vn -0.118040 -0.648339 -0.752145
vn 0.060738 -0.299135 0.952276
vn 0.611811 -0.269776 0.743578
vn 0.057550 0.025995 -0.998004
vn 0.725245 -0.019105 -0.688225
vn 0.840187 -0.014255 -0.542110
vn 0.901371 -0.079234 0.425737
vn 0.846866 -0.073553 0.526695
vn 0.080924 -0.077265 0.993721
vn 0.063399 0.059588 -0.996208
vn 0.840646 -0.001477 -0.541583
vn 0.847733 -0.074656 0.525143
vn 0.086489 -0.079943 0.993040
vn 0.091674 -0.107632 0.989955
vn 0.214226 -0.975239 0.054915
vn 0.536420 -0.543488 0.645658
vn -0.040164 -0.675419 0.736340
vn -0.096950 -0.413559 -0.905301
vn 0.729086 -0.487020 -0.480880
vn 0.782344 -0.487352 -0.387848
vn 0.613349 -0.403746 0.678817
vn 0.343330 -0.916214 0.206584
vn 0.816842 -0.079523 -0.571353
vn 0.673381 -0.141918 -0.725546
vn 0.886759 -0.016675 0.461930
vn 0.818249 -0.020809 0.574487
vn -0.075323 0.070060 0.994695
vn -0.085778 -0.139382 -0.986517
vn 0.816909 -0.035113 -0.575697
vn 0.817321 -0.038264 0.574910
vn -0.073770 -0.020642 0.997062
vn -0.088785 0.005136 -0.996038
vn -0.079217 -0.006457 0.996836
vn 0.846563 -0.136495 -0.514490
vn 0.734597 -0.190631 -0.651174
vn 0.901881 0.017110 0.431645
vn 0.850159 0.055739 0.523567
vn 0.084225 -0.216665 -0.972606
vn 0.107859 0.168203 0.979834
vn 0.847418 -0.087672 -0.523638
vn 0.852423 0.045678 0.520854
vn 0.089801 -0.138247 -0.986318
vn 0.118029 0.162903 0.979557
vn 0.083503 -0.513994 -0.853720
vn 0.125786 0.066508 0.989826
vn -0.123019 -0.358229 -0.925494
vn 0.656129 -0.340460 -0.673485
vn 0.808180 -0.245619 -0.535272
vn 0.895723 0.047959 0.442018
vn 0.841627 0.100110 0.530700
vn 0.063162 0.298521 0.952311
vn -0.129220 -0.255204 -0.958214
vn 0.810305 -0.175225 -0.559198
vn 0.843222 0.098131 0.528533
vn 0.072795 0.228048 0.970925
vn 0.075558 0.222793 0.971933
vn 0.088005 -0.499484 0.861842
vn 0.005021 -0.439319 0.898317
vn 0.994901 -0.100796 0.003524
vn -0.793694 -0.237311 -0.560119
vn -0.959897 -0.261878 0.100088
vn -0.814354 0.040345 -0.578965
vn -0.431767 0.242591 -0.868750
vn 0.039621 0.364781 -0.930250
vn 0.439668 0.608950 -0.660206
vn -0.846461 -0.180109 0.501064
vn -0.265606 -0.069916 0.961543
vn 0.055712 -0.019171 0.998263
vn 0.091434 0.036425 0.995145
vn 0.488123 0.504096 -0.712476
vn 0.345492 -0.475065 -0.809289
vn -0.587079 0.263475 -0.765454
vn -0.807086 -0.509579 0.298231
vn -0.612304 -0.628213 -0.480033
vn -0.908993 -0.279007 -0.309656
vn -0.572284 -0.648165 0.502367
vn -0.235771 -0.954602 0.182062
vn 0.030755 -0.098938 -0.994618
vn -0.933741 -0.357137 -0.024114
vn -0.626566 -0.305803 -0.716868
vn -0.682211 -0.101976 0.724009
vn -0.998179 -0.056160 0.022024
vn -0.817163 -0.083315 0.570354
vn -0.675138 -0.092024 0.731929
vn -0.885886 -0.036553 -0.462461
vn -0.819278 -0.009170 -0.573322
vn 0.086666 -0.072743 0.993578
vn -0.817651 -0.082300 0.569801
vn -0.819667 -0.000751 -0.572839
vn 0.059429 0.062215 -0.996292
vn 0.092580 -0.076082 0.992794
vn -0.881712 -0.368283 0.294875
vn -0.708809 -0.412667 -0.572097
vn 0.061533 0.027320 -0.997731
vn 0.084690 -0.112451 0.990042
vn -0.789333 -0.462411 -0.403894
vn -0.621503 -0.759961 0.190247
vn -0.871328 -0.252483 0.420760
vn -0.738713 0.010085 0.673945
vn -0.850314 -0.026561 0.525604
vn -0.893541 -0.107288 -0.435974
vn -0.840216 -0.069461 -0.537785
vn -0.078701 -0.023841 0.996613
vn -0.850227 -0.036909 0.525120
vn -0.841374 -0.034204 -0.539369
vn -0.083187 0.001529 -0.996533
vn -0.082709 -0.008971 0.996533
vn -0.900647 -0.291874 0.321940
vn -0.788469 -0.395156 -0.471348
vn -0.089571 -0.024536 -0.995678
vn -0.823036 -0.133423 -0.552096
vn -0.890221 -0.155508 -0.428162
vn 0.076924 -0.211670 -0.974309
vn 0.118068 0.175224 0.977423
vn -0.656776 0.084979 0.749282
vn -0.804106 0.057046 0.591742
vn -0.822173 -0.090473 -0.562002
vn 0.083421 -0.133806 -0.987490
vn 0.126887 0.169029 0.977409
vn -0.806048 0.047953 0.589905
vn 0.089596 -0.124810 -0.988127
vn 0.117682 0.060323 0.991217
vn -0.814877 0.091053 0.572437
vn -0.676129 0.154894 0.720318
vn -0.898736 -0.238758 -0.367789
vn -0.851354 -0.206193 -0.482371
vn -0.106073 -0.369681 -0.923084
vn 0.073210 0.304875 0.949575
vn -0.817145 0.105363 0.566722
vn -0.854553 -0.156084 -0.495355
vn -0.124570 -0.258175 -0.958033
vn 0.075627 0.229716 0.970315
vn -0.882690 -0.178040 0.434925
vn -0.836094 -0.452225 -0.310547
vn -0.129243 -0.251873 -0.959091
vn 0.078037 0.224299 0.971391
vn -0.512634 -0.842167 -0.167218
vn -0.611052 -0.791555 -0.007474
vn -0.665010 -0.691589 0.281899
vn -0.152920 -0.756714 0.635610
vn -0.980298 -0.194437 0.034800
vn -0.842154 0.201713 0.500089
vn -0.877109 0.327908 -0.350937
vn -0.879175 0.073639 -0.470775
vn -0.893441 -0.044726 0.446948
vn -0.541354 0.446127 -0.712675
vn -0.644261 0.416266 -0.641600
vn -0.091433 0.036425 0.995145
vn -0.732779 -0.306466 -0.607547
vn -0.849911 0.304341 -0.430149
vn -0.686028 -0.538500 0.489268
vn -0.683040 0.181401 -0.707496
vn 0.066914 0.247808 -0.966496
vn -0.130699 0.785794 -0.604521
vn -0.033359 -0.124379 -0.991674
vn -0.721926 -0.101209 -0.684528
vn -0.999106 -0.042263 -0.000590
vn -0.685872 -0.204918 0.698275
vn -0.981789 -0.183451 0.049348
vn -0.056785 -0.114885 0.991754
vn -0.052205 -0.102997 -0.993311
vn -0.840187 -0.014256 -0.542110
vn -0.725245 -0.019107 -0.688225
vn -0.057550 0.025994 -0.998004
vn -0.901371 -0.079236 0.425737
vn -0.846866 -0.073554 0.526695
vn -0.080924 -0.077266 0.993721
vn -0.840646 -0.001477 -0.541583
vn -0.063399 0.059588 -0.996208
vn -0.847733 -0.074656 0.525143
vn -0.086489 -0.079943 0.993040
vn -0.861865 -0.312160 -0.399680
vn -0.056860 0.030729 -0.997909
vn -0.761441 -0.502033 0.410086
vn -0.091674 -0.107632 0.989955
vn -0.622781 -0.761977 0.177579
vn -0.787405 -0.319472 0.527192
vn -0.912243 -0.306812 -0.271439
vn -0.886759 -0.016677 0.461931
vn -0.673381 -0.141919 -0.725546
vn -0.816842 -0.079524 -0.571353
vn -0.818249 -0.020809 0.574487
vn 0.075323 0.070060 0.994695
vn 0.085778 -0.139381 -0.986517
vn -0.816909 -0.035113 -0.575697
vn -0.817321 -0.038264 0.574910
vn 0.073770 -0.020642 0.997062
vn 0.088785 0.005136 -0.996038
vn -0.890296 -0.313164 -0.330607
vn -0.750840 -0.409149 0.518494
vn 0.079217 -0.006457 0.996836
vn 0.093562 -0.021681 -0.995377
vn -0.901881 0.017108 0.431645
vn -0.734596 -0.190632 -0.651174
vn -0.846563 -0.136496 -0.514491
vn -0.850159 0.055739 0.523567
vn -0.084225 -0.216665 -0.972606
vn -0.107859 0.168203 0.979834
vn -0.847418 -0.087672 -0.523638
vn -0.852423 0.045678 0.520854
vn -0.089801 -0.138247 -0.986318
vn -0.118029 0.162903 0.979557
vn -0.083930 -0.120518 -0.989157
vn -0.125786 0.066508 0.989826
vn -0.808180 -0.245620 -0.535272
vn -0.656128 -0.340461 -0.673485
vn 0.123019 -0.358229 -0.925494
vn -0.895723 0.047957 0.442019
vn -0.841627 0.100110 0.530700
vn -0.063162 0.298521 0.952311
vn -0.810305 -0.175225 -0.559198
vn 0.129220 -0.255204 -0.958214
vn -0.843222 0.098131 0.528534
vn -0.072795 0.228048 0.970925
vn -0.903240 -0.354931 -0.241207
vn 0.133002 -0.249414 -0.959220
vn -0.793358 -0.226117 0.565203
vn -0.075558 0.222793 0.971933
vn -0.450416 -0.879349 -0.154504
vn -0.609186 -0.791000 0.056666
vn -0.671466 -0.693170 0.262008
vn 0.299370 -0.899538 0.318134
vn -0.005021 -0.439319 0.898317
vn -0.994901 -0.100796 0.003524
vn 0.814354 0.040345 -0.578965
vn 0.959897 -0.261878 0.100088
vn 0.855635 -0.236826 -0.460220
vn 0.431766 0.242591 -0.868751
vn -0.039621 0.364781 -0.930250
vn -0.149651 0.578321 -0.801966
vn 0.454721 -0.126822 0.881558
vn 0.846461 -0.180110 0.501064
vn -0.037743 -0.046965 0.998183
vn -0.618164 -0.772136 0.147239
vn -0.262380 -0.947882 0.180766
vn -0.409459 -0.586233 0.699052
vn 0.614465 -0.459155 -0.641568
vn 0.807086 -0.509579 0.298231
vn 0.708338 0.076191 -0.701750
vn 0.572284 -0.648165 0.502367
vn 0.820697 -0.537145 -0.194759
vn 0.026693 -0.008325 -0.999609
vn 0.626566 -0.305803 -0.716868
vn 0.933740 -0.357137 -0.024114
vn 0.998179 -0.056162 0.022024
vn 0.682210 -0.101978 0.724009
vn -0.028131 -0.073432 -0.996903
vn 0.005992 -0.691792 -0.722072
vn 0.512909 -0.540979 -0.666533
vn 0.199507 -0.967428 -0.155821
vn -0.060884 -0.546270 0.835394
vn 0.723578 -0.565412 0.395908
vn 0.654545 -0.659209 -0.370154
vn 0.311608 -0.869372 0.383527
vn 0.079206 -0.916141 -0.392953
vn -0.071900 -0.038772 0.996658
vn 0.728754 -0.236847 0.642512
vn 0.885886 -0.036553 -0.462461
vn 0.675138 -0.092023 0.731929
vn 0.817163 -0.083314 0.570354
vn 0.819278 -0.009170 -0.573322
vn -0.086666 -0.072743 0.993578
vn 0.817651 -0.082300 0.569801
vn 0.819667 -0.000751 -0.572839
vn -0.059429 0.062215 -0.996292
vn -0.092580 -0.076082 0.992794
vn -0.061533 0.027320 -0.997731
vn 0.765302 -0.433537 0.475772
vn 0.065807 -0.366538 0.928073
vn 0.316393 -0.948277 0.025806
vn 0.084662 -0.738566 -0.668844
vn 0.610173 -0.543821 -0.576148
vn 0.708505 -0.359291 0.607396
vn 0.212948 -0.951828 0.220625
vn 0.556251 -0.652314 -0.514851
vn 0.850314 -0.026561 0.525604
vn 0.738713 0.010085 0.673945
vn 0.893541 -0.107288 -0.435974
vn 0.840216 -0.069461 -0.537785
vn 0.850227 -0.036909 0.525121
vn 0.078701 -0.023841 0.996613
vn 0.841375 -0.034204 -0.539369
vn 0.083187 0.001529 -0.996533
vn 0.089571 -0.024536 -0.995678
vn -0.076924 -0.211670 -0.974309
vn 0.890222 -0.155508 -0.428162
vn 0.823036 -0.133423 -0.552095
vn 0.804106 0.057046 0.591742
vn 0.656776 0.084979 0.749282
vn -0.118068 0.175224 0.977423
vn -0.083421 -0.133806 -0.987490
vn 0.822173 -0.090473 -0.562002
vn 0.806047 0.047953 0.589905
vn -0.126887 0.169029 0.977409
vn -0.089596 -0.124810 -0.988127
vn -0.107383 -0.229271 0.967421
vn 0.898736 -0.238757 -0.367789
vn 0.676129 0.154894 0.720318
vn 0.814877 0.091053 0.572437
vn 0.851354 -0.206194 -0.482371
vn 0.106072 -0.369681 -0.923084
vn -0.073210 0.304874 0.949575
vn 0.817145 0.105363 0.566722
vn 0.854553 -0.156083 -0.495355
vn 0.124570 -0.258175 -0.958033
vn -0.075627 0.229716 0.970315
vn 0.129243 -0.251873 -0.959091
vn -0.068618 -0.818463 -0.570448
vn 0.980297 -0.194438 0.034800
# 765 normals

g Head
usemtl foomaterial000
s 1
f 1/1/1 2/2/2 3/3/3
f 4/4/4 5/5/5 6/6/6
f 5/5/5 7/7/7 8/8/8
f 5/5/5 4/4/4 7/7/7
f 1/1/1 6/6/6 2/2/2
f 1/1/1 4/4/4 6/6/6
f 9/9/9 10/10/10 11/11/11
f 10/10/10 9/9/9 12/12/12
f 10/10/10 12/12/12 13/13/13
f 13/13/13 12/12/12 14/14/14
f 11/11/11 2/2/2 9/9/9
f 2/2/2 11/11/11 3/3/3
f 2/2/2 15/15/15 16/16/16
f 17/17/17 18/18/18 2/2/2
f 19/19/19 20/20/20 21/21/21
f 19/19/19 21/21/21 22/22/22
f 22/22/22 21/21/21 23/23/23
f 21/21/21 20/20/20 24/24/24
f 21/21/21 24/24/24 25/25/25
f 25/25/25 24/24/24 26/26/26
f 26/26/26 24/24/24 27/27/27
f 26/26/26 27/27/27 28/28/28
f 26/26/26 28/28/28 25/25/25
f 23/23/23 21/21/21 29/29/29
f 29/29/29 21/21/21 25/25/25
f 29/29/29 25/25/25 28/28/28
f 20/20/20 30/30/30 24/24/24
f 24/24/24 30/30/30 31/31/31
f 24/24/24 31/31/31 27/27/27
f 27/27/27 31/31/31 32/32/32
f 32/32/32 28/28/28 27/27/27
f 30/30/30 33/33/33 34/34/34
f 34/34/34 31/31/31 30/30/30
f 34/34/34 35/35/35 31/31/31
f 31/31/31 35/35/35 32/32/32
f 32/32/32 35/35/35 36/36/36
f 36/36/36 37/37/37 32/32/32
f 35/35/35 34/34/34 38/38/38
f 34/34/34 33/33/33 39/39/39
f 34/34/34 39/39/39 38/38/38
f 39/39/39 40/40/40 38/38/38
f 28/28/28 32/32/32 37/37/37
f 29/29/29 28/28/28 41/41/41
f 29/29/29 41/41/41 42/42/42
f 28/28/28 37/37/37 41/41/41
f 37/37/37 36/36/36 43/43/43
f 41/41/41 37/37/37 44/44/44
f 44/44/44 37/37/37 43/43/43
f 42/42/42 41/41/41 45/45/45
f 45/45/45 41/41/41 44/44/44
f 45/45/45 44/44/44 43/43/43
f 45/45/45 43/43/43 46/46/46
f 45/45/45 46/46/46 47/47/47
f 48/48/48 19/19/19 22/22/22
f 49/49/49 48/48/48 50/50/50
f 50/50/50 48/48/48 22/22/22
f 50/50/50 22/22/22 23/23/23
f 50/50/50 23/23/23 29/29/29
f 51/51/51 52/52/52 53/53/53
f 51/51/51 53/53/53 15/15/15
f 52/52/52 54/54/54 53/53/53
f 54/54/54 55/55/55 50/50/50
f 55/55/55 49/49/49 50/50/50
f 53/53/53 54/54/54 50/50/50
f 15/15/15 53/53/53 50/50/50
f 15/15/15 50/50/50 16/16/16
f 16/16/16 50/50/50 56/56/56
f 16/16/16 56/56/56 57/57/57
f 57/57/57 12/12/12 16/16/16
f 56/56/56 50/50/50 29/29/29
f 56/56/56 29/29/29 42/42/42
f 56/56/56 42/42/42 57/57/57
f 57/57/57 42/42/42 45/45/45
f 58/58/58 51/51/51 15/15/15
f 58/58/58 15/15/15 59/59/59
f 59/59/59 15/15/15 2/2/2
f 2/2/2 16/16/16 9/9/9
f 9/9/9 16/16/16 12/12/12
f 58/58/58 59/59/59 2/2/2
f 12/12/12 57/57/57 60/60/60
f 12/12/12 60/60/60 14/14/14
f 57/57/57 45/45/45 60/60/60
f 60/60/60 45/45/45 61/61/61
f 61/61/61 45/45/45 47/47/47
f 14/14/14 60/60/60 62/62/62
f 62/62/62 60/60/60 61/61/61
f 62/62/62 61/61/61 63/63/63
f 63/63/63 61/61/61 47/47/47
f 47/47/47 46/46/46 64/64/64
f 64/64/64 63/63/63 47/47/47
f 40/40/40 65/65/65 38/38/38
f 38/38/38 65/65/65 66/66/66
f 35/35/35 38/38/38 66/66/66
f 36/36/36 35/35/35 66/66/66
f 36/36/36 66/66/66 67/67/67
f 67/67/67 43/43/43 36/36/36
f 46/46/46 43/43/43 67/67/67
f 64/64/64 46/46/46 68/68/68
f 68/68/68 46/46/46 67/67/67
f 67/67/67 69/69/69 68/68/68
f 67/67/67 66/66/66 69/69/69
f 69/69/69 66/66/66 70/70/70
f 70/70/70 66/66/66 65/65/65
f 63/63/63 64/64/64 68/68/68
f 71/71/71 20/20/20 19/19/19
f 72/72/72 71/71/71 19/19/19
f 73/73/73 71/71/71 72/72/72
f 74/74/74 20/20/20 71/71/71
f 75/75/75 74/74/74 71/71/71
f 76/76/76 74/74/74 75/75/75
f 77/77/77 74/74/74 76/76/76
f 78/78/78 77/77/77 76/76/76
f 75/75/75 78/78/78 76/76/76
f 79/79/79 71/71/71 73/73/73
f 75/75/75 71/71/71 79/79/79
f 78/78/78 75/75/75 79/79/79
f 74/74/74 30/30/30 20/20/20
f 80/80/80 30/30/30 74/74/74
f 77/77/77 80/80/80 74/74/74
f 81/81/81 80/80/80 77/77/77
f 77/77/77 78/78/78 81/81/81
f 82/82/82 33/33/33 30/30/30
f 30/30/30 80/80/80 82/82/82
f 80/80/80 83/83/83 82/82/82
f 81/81/81 83/83/83 80/80/80
f 84/84/84 83/83/83 81/81/81
f 81/81/81 85/85/85 84/84/84
f 86/86/86 82/82/82 83/83/83
f 39/39/39 33/33/33 82/82/82
f 86/86/86 39/39/39 82/82/82
f 86/86/86 40/40/40 39/39/39
f 85/85/85 81/81/81 78/78/78
f 87/87/87 78/78/78 79/79/79
f 88/88/88 87/87/87 79/79/79
f 87/87/87 85/85/85 78/78/78
f 89/89/89 84/84/84 85/85/85
f 90/90/90 85/85/85 87/87/87
f 89/89/89 85/85/85 90/90/90
f 91/91/91 87/87/87 88/88/88
f 90/90/90 87/87/87 91/91/91
f 89/89/89 90/90/90 91/91/91
f 92/92/92 89/89/89 91/91/91
f 93/93/93 92/92/92 91/91/91
f 72/72/72 19/19/19 48/48/48
f 94/94/94 48/48/48 49/49/49
f 72/72/72 48/48/48 94/94/94
f 73/73/73 72/72/72 94/94/94
f 79/79/79 73/73/73 94/94/94
f 95/95/95 52/52/52 51/51/51
f 18/18/18 95/95/95 51/51/51
f 95/95/95 54/54/54 52/52/52
f 94/94/94 55/55/55 54/54/54
f 94/94/94 49/49/49 55/55/55
f 94/94/94 54/54/54 95/95/95
f 94/94/94 95/95/95 18/18/18
f 17/17/17 94/94/94 18/18/18
f 96/96/96 94/94/94 17/17/17
f 97/97/97 96/96/96 17/17/17
f 17/17/17 5/5/5 97/97/97
f 79/79/79 94/94/94 96/96/96
f 88/88/88 79/79/79 96/96/96
f 97/97/97 88/88/88 96/96/96
f 91/91/91 88/88/88 97/97/97
f 18/18/18 51/51/51 58/58/58
f 98/98/98 18/18/18 58/58/58
f 2/2/2 18/18/18 98/98/98
f 6/6/6 17/17/17 2/2/2
f 5/5/5 17/17/17 6/6/6
f 2/2/2 98/98/98 58/58/58
f 99/99/99 97/97/97 5/5/5
f 8/8/8 99/99/99 5/5/5
f 99/99/99 91/91/91 97/97/97
f 100/100/100 91/91/91 99/99/99
f 93/93/93 91/91/91 100/100/100
f 101/101/101 99/99/99 8/8/8
f 100/100/100 99/99/99 101/101/101
f 102/102/102 100/100/100 101/101/101
f 93/93/93 100/100/100 102/102/102
f 103/103/103 92/92/92 93/93/93
f 93/93/93 102/102/102 103/103/103
f 104/104/104 105/40/104 106/86/104
f 107/105/105 108/104/106 86/86/86
f 107/105/105 86/86/86 83/83/83
f 107/105/105 83/83/83 84/84/84
f 109/106/107 107/105/105 84/84/84
f 84/84/84 89/89/89 109/106/107
f 109/106/107 89/89/89 92/92/92
f 110/107/108 92/92/92 103/103/103
f 109/106/107 92/92/92 110/107/108
f 110/107/108 111/108/109 109/106/107
f 111/108/109 107/105/105 109/106/107
f 112/109/110 107/105/105 111/108/109
f 108/104/106 107/105/105 112/109/110
f 110/107/108 103/103/103 102/102/102
# 194 triangles in group

g FTorso
usemtl foomaterial001
f 113/110/111 114/111/112 115/112/113
f 115/112/113 114/111/112 116/113/114
f 116/113/114 117/114/115 115/112/113
f 117/114/115 116/113/114 118/115/116
f 118/115/116 119/116/117 117/114/115
f 119/116/117 118/115/116 120/117/118
f 119/116/117 120/117/118 121/118/119
f 120/117/118 122/119/120 121/118/119
f 120/117/118 123/120/121 122/119/120
f 124/121/122 123/120/121 120/117/118
f 123/120/121 125/122/123 122/119/120
f 118/115/116 124/121/122 120/117/118
f 116/113/114 126/123/124 118/115/116
f 126/123/124 124/121/122 118/115/116
f 127/124/125 126/123/124 116/113/114
f 114/111/112 127/124/125 116/113/114
f 128/125/126 129/126/127 113/110/111
f 129/126/127 114/111/112 113/110/111
f 130/127/128 129/126/127 128/125/126
f 131/128/129 129/126/127 130/127/128
f 129/126/127 132/129/130 114/111/112
f 129/126/127 131/128/129 132/129/130
f 132/129/130 127/124/125 114/111/112
f 126/123/124 133/130/131 124/121/122
f 122/119/120 134/131/132 135/132/133
f 134/131/132 122/119/120 125/122/123
f 136/133/134 121/118/119 122/119/120
f 122/119/120 135/132/133 136/133/134
f 137/134/135 121/118/119 136/133/134
f 138/135/136 121/118/119 137/134/135
f 138/135/136 137/134/135 139/136/137
f 115/112/113 140/137/138 113/110/111
f 141/138/139 140/137/138 115/112/113
f 115/112/113 117/114/115 141/138/139
f 142/139/140 141/138/139 117/114/115
f 117/114/115 119/116/117 142/139/140
f 143/140/141 142/139/140 119/116/117
f 121/118/119 143/140/141 119/116/117
f 121/118/119 144/141/142 143/140/141
f 144/141/142 145/142/143 143/140/141
f 143/140/141 145/142/143 146/143/144
f 144/141/142 147/144/145 145/142/143
f 143/140/141 146/143/144 142/139/140
f 142/139/140 148/145/146 141/138/139
f 142/139/140 146/143/144 148/145/146
f 141/138/139 148/145/146 149/146/147
f 141/138/139 149/146/147 140/137/138
f 113/110/111 150/147/148 151/148/149
f 113/110/111 140/137/138 150/147/148
f 151/148/149 150/147/148 152/149/150
f 152/149/150 150/147/148 153/150/151
f 140/137/138 154/151/152 150/147/148
f 154/151/152 153/150/151 150/147/148
f 140/137/138 149/146/147 154/151/152
f 146/143/144 155/152/153 148/145/146
f 156/153/154 157/154/155 144/141/142
f 147/144/145 144/141/142 157/154/155
f 144/141/142 121/118/119 158/155/156
f 158/155/156 156/153/154 144/141/142
f 158/155/156 121/118/119 159/156/157
f 159/156/157 121/118/119 138/135/136
f 160/157/158 159/156/157 138/135/136
f 160/157/158 138/135/136 139/136/137
f 161/158/159 151/148/149 152/149/150
f 162/159/160 151/148/149 161/158/159
f 151/148/149 162/159/160 163/160/161
f 163/160/161 113/110/111 151/148/149
f 163/160/161 128/125/126 113/110/111
f 163/160/161 164/161/162 128/125/126
f 130/127/128 128/125/126 164/161/162
# 70 triangles in group

g BTorso
usemtl foomaterial002
f 165/162/163 166/163/164 167/164/165
f 167/164/165 168/165/166 165/162/163
f 169/166/167 165/162/163 168/165/166
f 168/165/166 170/167/168 169/166/167
f 171/168/169 169/166/167 170/167/168
f 169/166/167 171/168/169 172/169/170
f 173/170/171 174/171/172 175/172/173
f 176/173/174 174/171/172 173/170/171
f 176/173/174 173/170/171 177/174/175
f 177/174/175 172/169/170 176/173/174
f 172/169/170 177/174/175 178/175/176
f 178/175/176 179/176/177 169/166/167
f 169/166/167 172/169/170 178/175/176
f 165/162/163 169/166/167 179/176/177
f 179/176/177 180/177/178 165/162/163
f 166/163/164 165/162/163 180/177/178
f 166/163/164 180/177/178 181/178/179
f 182/179/180 177/174/175 173/170/171
f 183/180/181 177/174/175 182/179/180
f 178/175/176 177/174/175 183/180/181
f 178/175/176 183/180/181 184/181/182
f 179/176/177 178/175/176 184/181/182
f 179/176/177 184/181/182 185/182/183
f 180/177/178 179/176/177 185/182/183
f 180/177/178 185/182/183 186/183/184
f 181/178/179 180/177/178 186/183/184
f 181/178/179 186/183/184 187/184/185
f 173/170/171 175/172/173 182/179/180
f 188/185/186 167/164/165 166/163/164
f 166/163/164 189/186/187 188/185/186
f 189/186/187 166/163/164 181/178/179
f 181/178/179 190/187/188 189/186/187
f 190/187/188 181/178/179 187/184/185
f 191/188/189 190/187/188 187/184/185
f 191/188/189 187/184/185 192/189/190
f 193/190/191 191/188/189 192/189/190
f 194/191/192 195/192/193 196/193/194
f 196/193/194 197/194/195 194/191/192
f 197/194/195 196/193/194 198/195/196
f 198/195/196 199/196/197 197/194/195
f 199/196/197 198/195/196 200/152/198
f 201/197/199 200/152/198 198/195/196
f 202/198/200 203/199/201 204/200/202
f 204/200/202 203/199/201 205/201/203
f 206/202/204 204/200/202 205/201/203
f 205/201/203 201/197/199 206/202/204
f 207/203/205 206/202/204 201/197/199
f 198/195/196 208/204/206 207/203/205
f 207/203/205 201/197/199 198/195/196
f 208/204/206 198/195/196 196/193/194
f 196/193/194 209/205/207 208/204/206
f 209/205/207 196/193/194 195/192/193
f 210/206/208 209/205/207 195/192/193
f 204/200/202 206/202/204 182/179/180
f 182/179/180 206/202/204 183/180/181
f 183/180/181 206/202/204 207/203/205
f 184/181/182 183/180/181 207/203/205
f 184/181/182 207/203/205 208/204/206
f 185/182/183 184/181/182 208/204/206
f 185/182/183 208/204/206 209/205/207
f 186/183/184 185/182/183 209/205/207
f 186/183/184 209/205/207 210/206/208
f 187/184/185 186/183/184 210/206/208
f 182/179/180 202/198/200 204/200/202
f 195/192/193 194/191/192 211/207/209
f 211/207/209 212/208/210 195/192/193
f 210/206/208 195/192/193 212/208/210
f 212/208/210 213/209/211 210/206/208
f 187/184/185 210/206/208 213/209/211
f 187/184/185 213/209/211 214/210/212
f 192/189/190 187/184/185 214/210/212
f 192/189/190 214/210/212 215/211/213
f 215/211/213 193/190/191 192/189/190
f 216/212/214 217/213/215 175/172/173
f 218/214/216 182/179/180 175/172/173
f 175/172/173 217/213/215 218/214/216
f 219/215/217 202/198/200 218/214/216
f 218/214/216 202/198/200 182/179/180
# 78 triangles in group

g FLArm
usemtl foomaterial003
f 220/216/218 221/217/219 222/218/220
f 222/218/220 221/217/219 223/219/221
f 222/218/220 223/219/221 224/220/222
f 224/220/222 223/219/221 225/221/223
f 226/222/224 227/223/225 220/216/218
f 226/222/224 220/216/218 228/224/226
f 228/224/226 220/216/218 222/218/220
f 228/224/226 222/218/220 229/225/227
f 229/225/227 222/218/220 224/220/222
f 229/225/227 224/220/222 230/226/228
f 231/227/229 226/222/224 228/224/226
f 231/227/229 228/224/226 232/228/230
f 232/228/230 228/224/226 229/225/227
f 232/228/230 229/225/227 233/229/231
f 233/229/231 229/225/227 230/226/228
f 233/229/231 230/226/228 234/230/232
f 235/231/233 231/227/229 232/228/230
f 235/231/233 232/228/230 236/232/234
f 236/232/234 232/228/230 233/229/231
f 236/232/234 233/229/231 237/233/235
f 237/233/235 233/229/231 234/230/232
f 237/233/235 234/230/232 238/234/236
f 239/235/237 235/231/233 236/232/234
f 239/235/237 236/232/234 240/236/238
f 240/236/238 236/232/234 237/233/235
f 240/236/238 237/233/235 241/237/239
f 241/237/239 237/233/235 238/234/236
f 241/237/239 238/234/236 242/238/240
# 28 triangles in group

g BLArm
usemtl foomaterial004
f 243/239/241 244/240/242 245/241/243
f 246/242/244 247/243/245 243/239/241
f 243/239/241 247/243/245 244/240/242
f 248/244/246 246/242/244 243/239/241
f 248/244/246 243/239/241 249/245/247
f 250/246/248 245/241/243 251/247/249
f 250/246/248 251/247/249 252/248/250
f 249/245/247 243/239/241 245/241/243
f 249/245/247 245/241/243 250/246/248
f 253/249/251 248/244/246 249/245/247
f 253/249/251 249/245/247 254/250/252
f 255/251/253 250/246/248 252/248/250
f 255/251/253 252/248/250 256/252/254
f 254/250/252 249/245/247 250/246/248
f 254/250/252 250/246/248 255/251/253
f 257/253/255 253/249/251 254/250/252
f 257/253/255 254/250/252 258/254/256
f 259/255/257 255/251/253 256/252/254
f 259/255/257 256/252/254 260/256/258
f 258/254/256 254/250/252 255/251/253
f 258/254/256 255/251/253 259/255/257
f 261/257/259 257/253/255 258/254/256
f 261/257/259 258/254/256 262/258/260
f 263/259/261 259/255/257 260/256/258
f 263/259/261 260/256/258 264/260/262
f 262/258/260 258/254/256 259/255/257
f 262/258/260 259/255/257 263/259/261
# 27 triangles in group

g FRArm
usemtl foomaterial005
f 265/261/263 266/262/264 267/263/265
f 268/264/266 266/262/264 265/261/263
f 269/265/267 268/264/266 265/261/263
f 267/263/265 270/266/268 271/267/269
f 272/268/270 267/263/265 271/267/269
f 265/261/263 267/263/265 272/268/270
f 273/269/271 265/261/263 272/268/270
f 269/265/267 265/261/263 273/269/271
f 274/270/272 269/265/267 273/269/271
f 272/268/270 271/267/269 275/271/273
f 276/272/274 272/268/270 275/271/273
f 273/269/271 272/268/270 276/272/274
f 277/273/275 273/269/271 276/272/274
f 274/270/272 273/269/271 277/273/275
f 278/274/276 274/270/272 277/273/275
f 279/275/277 276/272/274 280/276/278
f 277/273/275 276/272/274 279/275/277
f 281/277/279 277/273/275 279/275/277
f 278/274/276 277/273/275 281/277/279
f 282/278/280 278/274/276 281/277/279
f 279/275/277 280/276/278 283/279/281
f 284/280/282 279/275/277 283/279/281
f 281/277/279 279/275/277 284/280/282
f 285/281/283 281/277/279 284/280/282
f 282/278/280 281/277/279 285/281/283
f 286/282/284 282/278/280 285/281/283
# 26 triangles in group

g BRArm
usemtl foomaterial006
f 287/283/285 288/284/286 289/285/287
f 290/286/288 291/287/289 292/288/290
f 289/285/287 290/286/288 292/288/290
f 288/284/286 290/286/288 289/285/287
f 289/285/287 292/288/290 293/289/291
f 294/290/292 289/285/287 293/289/291
f 295/291/293 287/283/285 296/292/294
f 297/293/295 295/291/293 296/292/294
f 287/283/285 289/285/287 294/290/292
f 296/292/294 287/283/285 294/290/292
f 294/290/292 293/289/291 298/294/296
f 299/295/297 294/290/292 298/294/296
f 297/293/295 296/292/294 300/296/298
f 301/297/299 297/293/295 300/296/298
f 296/292/294 294/290/292 299/295/297
f 300/296/298 296/292/294 299/295/297
f 302/298/300 301/297/299 303/299/301
f 299/295/297 298/294/296 304/300/302
f 305/301/303 299/295/297 304/300/302
f 301/297/299 300/296/298 306/302/304
f 303/299/301 301/297/299 306/302/304
f 300/296/298 299/295/297 305/301/303
f 306/302/304 300/296/298 305/301/303
f 305/301/303 304/300/302 307/303/305
f 308/304/306 305/301/303 307/303/305
f 303/299/301 306/302/304 309/305/307
f 310/306/308 303/299/301 309/305/307
f 306/302/304 305/301/303 308/304/306
f 309/305/307 306/302/304 308/304/306
# 29 triangles in group

g FLegs
usemtl foomaterial007
f 311/307/309 312/308/310 313/309/311
f 313/309/311 312/308/310 314/310/312
f 313/309/311 314/310/312 315/311/313
f 316/312/314 317/313/315 318/314/316
f 316/312/314 318/314/316 319/315/317
f 320/316/318 321/317/319 317/313/315
f 320/316/318 317/313/315 316/312/314
f 319/315/317 318/314/316 322/318/320
f 319/315/317 322/318/320 323/319/321
f 324/320/322 325/321/323 321/317/319
f 324/320/322 321/317/319 320/316/318
f 326/322/324 316/312/314 319/315/317
f 326/322/324 319/315/317 327/323/325
f 328/324/326 320/316/318 316/312/314
f 328/324/326 316/312/314 326/322/324
f 327/323/325 319/315/317 323/319/321
f 327/323/325 323/319/321 329/325/327
f 330/326/328 324/320/322 320/316/318
f 330/326/328 320/316/318 328/324/326
f 331/327/329 326/322/324 327/323/325
f 331/327/329 327/323/325 332/328/330
f 333/329/331 328/324/326 326/322/324
f 333/329/331 326/322/324 331/327/329
f 332/328/330 327/323/325 329/325/327
f 332/328/330 329/325/327 334/330/332
f 335/331/333 330/326/328 328/324/326
f 335/331/333 328/324/326 333/329/331
f 336/332/334 330/326/328 335/331/333
f 337/333/335 331/327/329 332/328/330
f 337/333/335 332/328/330 338/334/336
f 339/335/337 333/329/331 331/327/329
f 339/335/337 331/327/329 337/333/335
f 338/334/336 332/328/330 334/330/332
f 338/334/336 334/330/332 340/336/338
f 341/337/339 333/329/331 339/335/337
f 311/307/309 337/333/335 338/334/336
f 311/307/309 338/334/336 312/308/310
f 313/309/311 339/335/337 337/333/335
f 313/309/311 337/333/335 311/307/309
f 312/308/310 338/334/336 340/336/338
f 312/308/310 340/336/338 314/310/312
f 315/311/313 341/337/339 339/335/337
f 315/311/313 339/335/337 313/309/311
f 342/338/340 343/339/341 344/340/342
f 345/341/343 343/339/341 342/338/340
f 346/342/344 345/341/343 342/338/340
f 347/343/345 348/344/346 349/345/347
f 350/346/348 347/343/345 349/345/347
f 348/344/346 351/347/349 352/348/350
f 349/345/347 348/344/346 352/348/350
f 353/349/351 347/343/345 350/346/348
f 354/350/352 353/349/351 350/346/348
f 351/347/349 355/351/353 356/352/354
f 352/348/350 351/347/349 356/352/354
f 350/346/348 349/345/347 357/353/355
f 358/354/356 350/346/348 357/353/355
f 349/345/347 352/348/350 359/355/357
f 357/353/355 349/345/347 359/355/357
f 354/350/352 350/346/348 358/354/356
f 360/356/358 354/350/352 358/354/356
f 352/348/350 356/352/354 361/357/359
f 359/355/357 352/348/350 361/357/359
f 358/354/356 357/353/355 362/358/360
f 363/359/361 358/354/356 362/358/360
f 357/353/355 359/355/357 364/360/362
f 362/358/360 357/353/355 364/360/362
f 360/356/358 358/354/356 363/359/361
f 365/361/363 360/356/358 363/359/361
f 359/355/357 361/357/359 366/362/364
f 364/360/362 359/355/357 366/362/364
f 366/362/364 361/357/359 367/363/365
f 363/359/361 362/358/360 368/364/366
f 369/365/367 363/359/361 368/364/366
f 362/358/360 364/360/362 370/366/368
f 368/364/366 362/358/360 370/366/368
f 365/361/363 363/359/361 369/365/367
f 371/367/369 365/361/363 369/365/367
f 370/366/368 364/360/362 372/368/370
f 369/365/367 368/364/366 344/340/342
f 343/339/341 369/365/367 344/340/342
f 368/364/366 370/366/368 342/338/340
f 344/340/342 368/364/366 342/338/340
f 371/367/369 369/365/367 343/339/341
f 345/341/343 371/367/369 343/339/341
f 370/366/368 372/368/370 346/342/344
f 342/338/340 370/366/368 346/342/344
# 86 triangles in group

g BLegs
usemtl foomaterial008
f 373/369/371 374/370/372 375/371/373
f 375/371/373 374/370/372 376/372/374
f 377/373/375 378/374/376 379/375/377
f 377/373/375 379/375/377 380/376/378
f 381/377/379 382/378/380 383/379/381
f 381/377/379 383/379/381 384/380/382
f 384/380/382 383/379/381 385/381/383
f 384/380/382 385/381/383 386/382/384
f 386/382/384 385/381/383 378/374/376
f 386/382/384 378/374/376 377/373/375
f 387/383/385 377/373/375 380/376/378
f 387/383/385 380/376/378 388/384/386
f 389/385/387 381/377/379 384/380/382
f 389/385/387 384/380/382 390/386/388
f 390/386/388 384/380/382 386/382/384
f 390/386/388 386/382/384 391/387/389
f 391/387/389 386/382/384 377/373/375
f 391/387/389 377/373/375 387/383/385
f 392/388/390 387/383/385 388/384/386
f 393/389/391 389/385/387 390/386/388
f 393/389/391 390/386/388 394/390/392
f 394/390/392 390/386/388 391/387/389
f 394/390/392 391/387/389 395/391/393
f 395/391/393 391/387/389 387/383/385
f 395/391/393 387/383/385 392/388/390
f 396/392/394 397/393/395 398/394/396
f 399/369/397 392/388/390 397/393/395
f 399/369/397 397/393/395 396/392/394
f 400/395/398 393/389/391 394/390/392
f 401/396/399 394/390/392 402/397/400
f 402/397/400 394/390/392 395/391/393
f 402/397/400 395/391/393 403/398/401
f 403/398/401 395/391/393 392/388/390
f 403/398/401 392/388/390 399/369/397
f 375/371/373 399/369/397 396/392/394
f 375/371/373 396/392/394 373/369/371
f 374/370/372 401/396/399 402/397/400
f 374/370/372 402/397/400 376/372/374
f 376/372/374 402/397/400 403/398/401
f 375/371/373 403/398/401 399/369/397
f 403/398/401 375/371/373 376/372/374
f 404/399/402 405/400/403 406/401/404
f 407/402/405 405/400/403 404/399/402
f 408/403/406 409/404/407 410/405/408
f 411/406/409 408/403/406 410/405/408
f 412/407/410 413/408/411 414/409/412
f 415/410/413 412/407/410 414/409/412
f 416/411/414 412/407/410 415/410/413
f 417/412/415 416/411/414 415/410/413
f 409/404/407 416/411/414 417/412/415
f 410/405/408 409/404/407 417/412/415
f 411/406/409 410/405/408 418/413/416
f 419/414/417 411/406/409 418/413/416
f 415/410/413 414/409/412 420/415/418
f 421/416/419 415/410/413 420/415/418
f 417/412/415 415/410/413 421/416/419
f 422/417/420 417/412/415 421/416/419
f 410/405/408 417/412/415 422/417/420
f 418/413/416 410/405/408 422/417/420
f 419/414/417 418/413/416 423/418/421
f 421/416/419 420/415/418 424/419/422
f 425/420/423 421/416/419 424/419/422
f 422/417/420 421/416/419 425/420/423
f 426/421/424 422/417/420 425/420/423
f 418/413/416 422/417/420 426/421/424
f 423/418/421 418/413/416 426/421/424
f 427/422/425 428/423/426 429/424/427
f 428/423/426 423/418/421 430/401/428
f 429/424/427 428/423/426 430/401/428
f 425/420/423 424/419/422 431/425/429
f 432/426/430 425/420/423 431/425/429
f 426/421/424 425/420/423 432/426/430
f 433/427/431 426/421/424 432/426/430
f 423/418/421 426/421/424 433/427/431
f 430/401/428 423/418/421 433/427/431
f 429/424/427 430/401/428 404/399/402
f 406/401/404 429/424/427 404/399/402
f 432/426/430 431/425/429 405/400/403
f 407/402/405 432/426/430 405/400/403
f 433/427/431 432/426/430 407/402/405
f 430/401/428 433/427/431 404/399/402
f 407/402/405 404/399/402 433/427/431
# 82 triangles in group

g BRHand
usemtl foomaterial009
f 434/428/432 435/429/433 436/430/434
f 434/428/432 436/430/434 437/431/435
f 438/432/436 439/433/437 435/429/433
f 438/432/436 435/429/433 434/428/432
f 434/428/432 440/434/438 438/432/436
f 440/434/438 441/435/439 442/436/440
f 441/435/439 443/437/441 444/438/442
f 444/438/442 442/436/440 441/435/439
f 445/439/443 444/438/442 443/437/441
f 445/439/443 442/436/440 444/438/442
f 446/440/444 447/441/445 434/428/432
f 448/442/446 437/431/435 449/443/447
f 450/444/448 449/443/447 437/431/435
f 451/445/449 434/428/432 447/441/445
f 452/446/450 453/447/451 454/448/452
f 455/449/453 452/446/450 456/450/454
f 457/451/455 458/452/456 459/453/457
f 460/454/458 458/452/456 461/455/459
f 462/456/460 463/457/461 464/458/462
f 464/458/462 463/457/461 465/459/463
f 464/458/462 465/459/463 466/460/464
f 466/460/464 465/459/463 467/461/465
f 468/462/466 464/458/462 469/463/467
f 469/463/467 464/458/462 466/460/464
f 469/463/467 466/460/464 470/464/468
f 470/464/468 466/460/464 471/465/469
f 453/447/451 469/463/467 454/448/452
f 454/448/452 469/463/467 470/464/468
f 454/448/452 470/464/468 456/450/454
f 456/450/454 470/464/468 472/466/470
f 473/467/471 474/468/472 475/469/473
f 473/467/471 476/470/474 477/471/475
f 478/472/476 479/473/477 480/474/478
f 481/475/479 482/476/480 483/477/481
f 481/475/479 483/477/481 484/478/482
f 484/478/482 483/477/481 485/479/483
f 486/480/484 482/476/480 481/475/479
f 487/481/485 481/475/479 484/478/482
f 487/481/485 484/478/482 488/482/486
f 488/482/486 484/478/482 489/483/487
f 490/484/488 481/475/479 487/481/485
f 477/471/475 487/481/485 488/482/486
f 477/471/475 488/482/486 474/468/472
f 474/468/472 488/482/486 491/485/489
f 476/470/474 487/481/485 477/471/475
f 492/486/490 493/487/491 494/488/492
f 492/486/490 494/488/492 495/489/493
f 496/490/494 493/487/491 492/486/490
f 495/489/493 494/488/492 497/491/495
f 498/492/496 492/486/490 495/489/493
f 498/492/496 495/489/493 499/493/497
f 500/494/498 492/486/490 498/492/496
f 499/493/497 495/489/493 501/495/499
f 478/472/476 498/492/496 499/493/497
f 478/472/476 499/493/497 479/473/477
f 502/496/500 498/492/496 478/472/476
f 479/473/477 499/493/497 503/497/501
f 504/498/502 505/499/503 506/500/504
f 506/500/504 505/499/503 507/501/505
f 506/500/504 507/501/505 508/502/506
f 508/502/506 507/501/505 509/503/507
f 510/504/508 506/500/504 511/505/509
f 511/505/509 506/500/504 508/502/506
f 511/505/509 508/502/506 512/506/510
f 512/506/510 508/502/506 513/507/511
f 459/453/457 511/505/509 457/451/455
f 457/451/455 511/505/509 512/506/510
f 457/451/455 512/506/510 461/455/459
f 461/455/459 512/506/510 514/508/512
f 452/446/450 454/448/452 456/450/454
f 477/471/475 474/468/472 473/467/471
f 478/472/476 480/474/478 502/496/500
f 480/474/478 479/473/477 515/509/513
f 458/452/456 457/451/455 461/455/459
f 516/510/514 443/437/441 441/435/439
f 446/440/444 434/428/432 517/511/515
f 517/511/515 434/428/432 437/431/435
f 437/431/435 448/442/446 517/511/515
# 78 triangles in group

g FRHand
usemtl foomaterial010
f 518/512/516 519/513/517 520/514/518
f 518/512/516 520/514/518 521/515/519
f 521/515/519 520/514/518 522/516/520
f 521/515/519 522/516/520 523/517/521
f 524/518/522 525/519/523 519/513/517
f 524/518/522 519/513/517 518/512/516
f 526/520/524 527/521/525 525/519/523
f 526/520/524 525/519/523 524/518/522
f 528/522/526 523/517/521 529/523/527
f 530/524/528 531/525/529 532/526/530
f 533/527/531 534/528/532 531/525/529
f 531/525/529 530/524/528 533/527/531
f 533/527/531 535/529/533 534/528/532
f 533/527/531 530/524/528 528/522/526
f 530/524/528 523/517/521 528/522/526
f 530/524/528 521/515/519 523/517/521
f 521/515/519 530/524/528 532/526/530
f 521/515/519 532/526/530 518/512/516
f 518/512/516 532/526/530 529/523/527
f 518/512/516 529/523/527 536/530/534
f 537/531/535 518/512/516 538/532/536
f 539/533/537 524/518/522 540/534/538
f 526/520/524 524/518/522 539/533/537
f 538/532/536 518/512/516 536/530/534
f 541/535/539 542/536/540 543/537/541
f 541/535/539 543/537/541 544/538/542
f 544/538/542 543/537/541 545/539/460
f 546/540/543 542/536/540 541/535/539
f 547/541/544 541/535/539 544/538/542
f 547/541/544 544/538/542 548/542/545
f 548/542/545 544/538/542 549/543/546
f 550/544/547 541/535/539 547/541/544
f 551/545/548 547/541/544 548/542/545
f 551/545/548 548/542/545 552/546/549
f 552/546/549 548/542/545 553/547/550
f 554/548/551 547/541/544 551/545/548
f 555/549/552 556/550/553 557/551/554
f 558/552/483 559/553/555 560/554/556
f 560/554/556 559/553/555 561/555/557
f 560/554/556 561/555/557 562/556/558
f 562/556/558 561/555/557 563/557/484
f 564/558/559 560/554/556 565/559/560
f 565/559/560 560/554/556 562/556/558
f 565/559/560 562/556/558 566/560/561
f 566/560/561 562/556/558 567/561/562
f 568/562/563 565/559/560 569/563/564
f 569/563/564 565/559/560 566/560/561
f 569/563/564 566/560/561 570/564/565
f 570/564/565 566/560/561 571/565/566
f 572/566/567 573/567/568 574/568/569
f 575/569/570 576/570/571 577/571/572
f 577/571/572 576/570/571 573/567/568
f 577/571/572 573/567/568 572/566/567
f 578/572/573 572/566/567 579/573/574
f 580/574/575 577/571/572 581/575/576
f 581/575/576 577/571/572 572/566/567
f 581/575/576 572/566/567 578/572/573
f 555/549/552 578/572/573 582/576/577
f 583/577/578 581/575/576 557/551/554
f 557/551/554 581/575/576 578/572/573
f 557/551/554 578/572/573 555/549/552
f 584/578/579 585/579/580 586/580/581
f 584/578/579 586/580/581 587/581/582
f 587/581/582 586/580/581 588/582/583
f 589/583/584 585/579/580 584/578/579
f 590/584/585 584/578/579 587/581/582
f 590/584/585 587/581/582 591/585/586
f 591/585/586 587/581/582 592/586/587
f 593/587/588 584/578/579 590/584/585
f 594/588/589 590/584/585 591/585/586
f 594/588/589 591/585/586 595/589/590
f 595/589/590 591/585/586 596/590/591
f 597/591/592 590/584/585 594/588/589
f 551/545/548 552/546/549 598/592/593
f 569/563/564 570/564/565 599/593/594
f 600/594/595 594/588/589 595/589/590
f 532/526/530 531/525/529 601/595/596
f 532/526/530 601/595/596 529/523/527
f 601/595/596 531/525/529 534/528/532
f 602/596/597 518/512/516 537/531/535
f 602/596/597 524/518/522 518/512/516
f 602/596/597 540/534/538 524/518/522
# 82 triangles in group

g BLHand
usemtl foomaterial011
f 603/597/598 604/598/599 605/599/600
f 606/600/601 603/597/598 605/599/600
f 604/598/599 607/601/602 608/602/603
f 605/599/600 604/598/599 608/602/603
f 609/603/604 603/597/598 606/600/601
f 608/602/603 610/604/605 605/599/600
f 611/605/606 612/606/607 610/604/605
f 610/604/605 608/602/603 611/605/606
f 612/606/607 611/605/606 613/607/608
f 613/607/608 611/605/606 614/608/609
f 611/605/606 608/602/603 615/609/610
f 605/599/600 610/604/605 616/610/611
f 605/599/600 617/611/612 618/612/613
f 619/613/614 606/600/601 620/614/615
f 606/600/601 619/613/614 621/615/616
f 617/611/612 605/599/600 622/616/617
f 623/617/618 624/618/619 625/619/620
f 626/620/621 624/618/619 623/617/618
f 627/621/622 626/620/621 623/617/618
f 628/622/623 626/620/621 627/621/622
f 629/623/624 623/617/618 630/624/625
f 627/621/622 623/617/618 629/623/624
f 631/625/626 627/621/622 629/623/624
f 632/626/627 627/621/622 631/625/626
f 633/627/628 629/623/624 634/628/629
f 631/625/626 629/623/624 633/627/628
f 635/629/630 631/625/626 633/627/628
f 636/630/631 631/625/626 635/629/630
f 637/631/632 638/632/633 639/633/634
f 640/634/635 641/635/636 642/636/637
f 643/637/638 640/634/635 642/636/637
f 644/638/639 640/634/635 643/637/638
f 642/636/637 641/635/636 645/639/640
f 643/637/638 642/636/637 646/640/641
f 647/641/642 643/637/638 646/640/641
f 648/642/643 643/637/638 647/641/642
f 646/640/641 642/636/637 649/643/644
f 647/641/642 646/640/641 650/644/645
f 651/645/646 647/641/642 650/644/645
f 652/646/647 647/641/642 651/645/646
f 650/644/645 646/640/641 653/647/648
f 654/648/649 655/649/650 656/650/651
f 657/651/652 654/648/649 656/650/651
f 656/650/651 655/649/650 658/652/653
f 659/653/654 654/648/649 657/651/652
f 657/651/652 656/650/651 660/654/655
f 661/655/656 657/651/652 660/654/655
f 660/654/655 656/650/651 662/656/657
f 663/657/658 657/651/652 661/655/656
f 661/655/656 660/654/655 639/633/634
f 638/632/633 661/655/656 639/633/634
f 639/633/634 660/654/655 664/658/659
f 665/659/660 661/655/656 638/632/633
f 666/660/661 667/661/662 668/662/663
f 669/663/664 667/661/662 666/660/661
f 670/664/665 669/663/664 666/660/661
f 671/665/666 669/663/664 670/664/665
f 672/666/667 666/660/661 673/667/668
f 670/664/665 666/660/661 672/666/667
f 674/668/669 670/664/665 672/666/667
f 675/669/670 670/664/665 674/668/669
f 676/670/671 672/666/667 677/671/672
f 674/668/669 672/666/667 676/670/671
f 678/672/673 674/668/669 676/670/671
f 679/673/674 674/668/669 678/672/673
f 635/629/630 633/627/628 680/674/675
f 681/675/676 651/645/646 650/644/645
f 678/672/673 676/670/671 682/676/677
f 610/604/605 612/606/607 683/677/678
f 612/606/607 684/678/679 685/679/679
f 686/680/680 605/599/600 618/612/613
f 606/600/601 605/599/600 686/680/680
f 686/680/680 620/614/615 606/600/601
# 73 triangles in group

g FLHand
usemtl foomaterial012
f 687/681/681 688/682/682 689/683/683
f 690/684/684 687/681/681 689/683/683
f 691/685/685 687/681/681 690/684/684
f 692/686/686 691/685/685 690/684/684
f 688/682/682 693/687/687 694/688/688
f 689/683/683 688/682/682 694/688/688
f 694/688/688 693/687/687 695/689/689
f 696/690/690 697/691/691 698/692/692
f 699/693/693 700/694/694 701/695/695
f 700/694/694 702/696/696 703/697/697
f 703/697/697 701/695/695 700/694/694
f 702/696/696 697/691/691 703/697/697
f 697/691/691 696/690/690 703/697/697
f 704/698/609 701/695/695 703/697/697
f 692/686/686 690/684/684 701/695/695
f 699/693/693 701/695/695 690/684/684
f 689/683/683 699/693/693 690/684/684
f 705/699/698 699/693/693 689/683/683
f 706/700/699 689/683/683 707/701/700
f 708/702/701 694/688/688 709/703/702
f 709/703/702 694/688/688 695/689/689
f 710/704/703 689/683/683 706/700/699
f 711/705/704 712/706/705 713/707/706
f 714/708/707 713/707/706 715/709/708
f 716/710/709 717/711/710 718/712/711
f 719/713/712 717/711/710 720/714/713
f 721/715/714 722/716/715 723/717/716
f 724/718/717 721/715/714 723/717/716
f 725/719/620 721/715/714 724/718/717
f 723/717/716 722/716/715 726/720/718
f 724/718/717 723/717/716 727/721/719
f 728/722/720 724/718/717 727/721/719
f 729/723/721 724/718/717 728/722/720
f 727/721/719 723/717/716 730/724/722
f 728/722/720 727/721/719 715/709/708
f 712/706/705 728/722/720 715/709/708
f 731/725/723 728/722/720 712/706/705
f 715/709/708 727/721/719 714/708/707
f 732/726/724 733/727/725 734/728/726
f 735/729/727 736/730/728 734/728/726
f 737/731/729 738/732/730 739/733/731
f 740/734/732 741/735/733 742/736/639
f 743/737/734 741/735/733 740/734/732
f 744/738/735 743/737/734 740/734/732
f 745/739/640 743/737/734 744/738/735
f 746/740/736 740/734/732 747/741/737
f 744/738/735 740/734/732 746/740/736
f 748/742/738 744/738/735 746/740/736
f 749/743/739 744/738/735 748/742/738
f 732/726/724 746/740/736 733/727/725
f 748/742/738 746/740/736 732/726/724
f 736/730/728 748/742/738 732/726/724
f 750/744/740 748/742/738 736/730/728
f 751/745/741 752/746/742 753/747/743
f 754/748/744 755/749/745 756/750/746
f 752/746/742 755/749/745 754/748/744
f 753/747/743 752/746/742 754/748/744
f 757/751/747 753/747/743 758/752/748
f 759/753/749 754/748/744 760/754/750
f 753/747/743 754/748/744 759/753/749
f 758/752/748 753/747/743 759/753/749
f 761/755/751 758/752/748 739/733/731
f 737/731/729 759/753/749 762/756/752
f 758/752/748 759/753/749 737/731/729
f 739/733/731 758/752/748 737/731/729
f 763/757/753 764/758/754 765/759/755
f 766/760/756 763/757/753 765/759/755
f 767/761/757 763/757/753 766/760/756
f 765/759/755 764/758/754 768/762/758
f 766/760/756 765/759/755 769/763/759
f 770/764/760 766/760/756 769/763/759
f 771/765/761 766/760/756 770/764/760
f 769/763/759 765/759/755 772/766/762
f 770/764/760 769/763/759 720/714/713
f 716/710/709 770/764/760 720/714/713
f 773/767/763 770/764/760 716/710/709
f 720/714/713 769/763/759 719/713/712
f 713/707/706 712/706/705 715/709/708
f 734/728/726 736/730/728 732/726/724
f 739/733/731 738/732/730 774/768/764
f 737/731/729 762/756/752 738/732/730
f 716/710/709 720/714/713 717/711/710
f 698/692/692 700/694/694 699/693/693
f 702/696/696 700/694/694 698/692/692
f 707/701/700 689/683/683 775/769/765
f 689/683/683 694/688/688 775/769/765
f 694/688/688 708/702/701 775/769/765
# 87 triangles in group

# 940 triangles total

