// MilkShape 3D ASCII

Frames: 30
Frame: 1

Meshes: 13
"Head" 0 0
116
0 -1.825718998908997 65.05203247070312 -0.8996850252151489 0.9246259927749634 0.473118007183075 4
0 -0.007073999848216772 65.94081878662109 -2.29541802406311 0.8276579976081848 0.4548940062522888 4
0 0 64.53373718261719 -2.837347030639648 0.8278260231018066 0.4728050231933594 4
0 -1.825718998908997 65.63526916503906 0.6003149747848511 0.9534010291099548 0.4728019833564758 4
0 -2.250999927520752 67.70522308349609 0.03733599931001663 0.9453489780426025 0.4196500182151794 4
0 -2.014209032058716 66.78852081298828 -0.8535640239715576 0.9279829859733582 0.4411600232124329 4
0 0 65.67009735107422 1.980834007263184 0.99099200963974 0.4729269742965698 4
0 -0.007073999848216772 68.4449462890625 1.399263024330139 0.9884139895439148 0.3796629905700684 4
0 1.868116974830627 66.78058624267578 -0.8182790279388428 0.7315800189971924 0.4407989978790283 4
0 1.518268942832947 65.50070953369141 0.5886269807815552 0.7039089798927307 0.4731559753417969 4
0 1.518268942832947 64.96230316162109 -0.820464015007019 0.7358970046043396 0.4732360243797302 4
0 2.104909896850586 67.70522308349609 0.07663200050592422 0.7122730016708374 0.4160079956054688 4
0 0 65.67009735107422 1.980834007263184 0.6686019897460938 0.4731500148773193 4
0 -0.007073999848216772 68.4449462890625 1.399263024330139 0.6685280203819275 0.3796629905700684 4
0 0.7941070199012756 65.34954833984375 -3.785624980926514 0.807013988494873 0.4382060170173645 4
0 2.178864002227783 66.83441162109375 -1.659615039825439 0.7518190145492554 0.4196580052375793 4
0 -2.212794065475464 66.83441162109375 -1.659615039825439 0.9051340222358704 0.4117890000343323 4
0 -0.8280370235443115 65.34954833984375 -3.785624980926514 0.8489390015602112 0.4383410215377808 4
0 -0.0169649999588728 67.94417572021484 -5.517286777496338 0.827688992023468 0.3803780078887939 4
0 -0.0169649999588728 70.17526245117188 -5.073767185211182 0.8282979726791382 0.3344870209693909 4
0 0.5962849855422974 69.40373229980469 -4.561787128448486 0.8182060122489929 0.3542540073394775 4
0 0.7545430064201355 67.96546173095703 -4.83175802230835 0.8166829943656921 0.3838009834289551 4
0 0.9128010272979736 68.33087158203125 -4.22432804107666 0.8115040063858032 0.3826730251312256 4
0 0.9711670279502869 70.40098571777344 -4.80182409286499 0.8134559988975525 0.3308749794960022 4
0 1.604199051856995 69.62602233886719 -3.856930017471313 0.7975350022315979 0.3491780161857605 4
0 1.762456059455872 69.98789215087891 -4.261884212493896 0.7972390055656433 0.337440013885498 4
0 2.197665929794312 70.41731262207031 -4.261885166168213 0.7938100099563599 0.3287739753723145 4
0 2.59331202507019 70.07748413085938 -3.620707988739014 0.7829599976539612 0.3365809917449951 4
0 2.078972101211548 68.72184753417969 -3.451973915100098 0.7863879799842834 0.3736590147018433 4
0 -0.0169649999588728 71.61486053466797 -5.134347915649414 0.8282979726791382 0.3038150072097778 4
0 1.960278987884521 71.77507781982422 -4.37629508972168 0.7963889837265015 0.3051660060882568 4
0 2.751569986343384 71.80784606933594 -3.856930017471313 0.7811170220375061 0.3049650192260742 4
0 -0.0169649999588728 73.54387664794922 -4.30797815322876 0.82846599817276 0.2709190249443054 4
0 1.762456059455872 73.82563018798828 -2.878289937973022 0.7649340033531189 0.259850025177002 4
0 2.474617004394531 74.45866394042969 -0.516057014465332 0.7286880016326904 0.2525920271873474 4
0 3.147212982177734 73.62782287597656 -0.3810720145702362 0.7308970093727112 0.2704179883003235 4
0 3.384599924087524 71.69496154785156 -1.494696021080017 0.7481160163879395 0.3001779913902283 4
0 1.683328032493591 75.01259613037109 -0.9547569751739502 0.7322909832000732 0.2369790077209473 4
0 -0.0169649999588728 74.49339294433594 -3.363081932067871 0.8286330103874207 0.2451769709587097 4
0 -0.0169649999588728 75.24996185302734 -1.764665007591248 0.8282979726791382 0.2230719923973083 4
0 3.463731050491333 70.29161071777344 -1.629680991172791 0.750095009803772 0.3315889835357666 4
0 2.930589914321899 68.58338928222656 -1.727107048034668 0.7520909905433655 0.3759419918060303 4
0 3.444928884506226 72.30128479003906 -0.1072909981012344 0.7287430167198181 0.292851984500885 4
0 3.444928884506226 71.39012145996094 -0.8834530115127563 0.7392290234565735 0.3073109984397888 4
0 3.444928884506226 70.41147613525391 -0.3097679913043976 0.7313519716262817 0.3292949795722961 4
0 3.088848114013672 71.93006134033203 0.6727280020713806 0.7171519994735718 0.2996140122413635 4
0 3.247107028961182 70.98517608642578 0.5039970278739929 0.7201949954032898 0.3177449703216553 4
0 -0.0169649999588728 67.57442474365234 -4.970555782318115 0.8274030089378357 0.3834199905395508 4
0 -0.0169649999588728 67.02520751953125 -4.970555782318115 0.8277609944343567 0.3921509981155396 4
0 1.22931694984436 67.02522277832031 -3.515655994415283 0.8001850247383118 0.4003229737281799 4
0 -0.0169649999588728 65.16567230224609 -4.295632839202881 0.8282979726791382 0.4269989728927612 4
0 -0.0169649999588728 65.84526062011719 -4.869318008422852 0.8282979726791382 0.4173150062561035 4
0 0.7941070199012756 65.95698547363281 -4.393057823181152 0.8143420219421387 0.417273998260498 4
0 -0.0169649999588728 66.21760559082031 -5.038047790527344 0.8282979726791382 0.4122390151023865 4
0 -0.0169649999588728 66.63190460205078 -4.798014163970947 0.8282979726791382 0.4057899713516235 4
0 2.653639078140259 67.40809631347656 -1.862092971801758 0.7550240159034729 0.4029840230941772 4
0 2.534945011138916 68.45421600341797 -0.174783006310463 0.7238039970397949 0.3797870278358459 4
0 -0.0169649999588728 65.00437927246094 -3.89264988899231 0.8282979726791382 0.4335449934005737 4
0 0.5567200183868408 65.20109558105469 -3.269790887832642 0.822842001914978 0.441012978553772 4
0 1.783220052719116 68.83988952636719 0.9263079762458801 0.7007650136947632 0.3691099882125854 4
0 2.178864002227783 69.98725128173828 1.122998952865601 0.7037559747695923 0.3388460278511047 4
0 -0.0169649999588728 69.39716339111328 1.778638005256653 0.6683549880981445 0.3536720275878906 4
0 -0.0169649999588728 70.57732391357422 2.139241933822632 0.6683549880981445 0.3255360126495361 4
0 1.94147801399231 71.39688110351562 1.614730000495911 0.6968669891357422 0.3085309863090515 4
0 -0.0169649999588728 75.24996185302734 -1.764665007591248 0.8283159732818604 0.2230309844017029 4
0 -0.0169649999588728 75.35686492919922 0.1373340040445328 0.7195450067520142 0.2314170002937317 4
0 1.683328032493591 75.01259613037109 -0.9547569751739502 0.7323099970817566 0.2369379997253418 4
0 0.9919300079345703 74.76224517822266 0.5701149702072144 0.6913769841194153 0.2459629774093628 4
0 0.9919300079345703 74.76224517822266 0.5701149702072144 0.6913579702377319 0.2460039854049683 4
0 2.49537992477417 73.36379241943359 0.7951779961585999 0.7105420231819153 0.274133026599884 4
0 -0.0169649999588728 72.24920654296875 2.499844074249268 0.6683549880981445 0.296288013458252 4
0 -0.0169649999588728 73.78994750976562 2.270370006561279 0.6683549880981445 0.2735339999198914 4
0 -0.0169649999588728 74.900146484375 1.350268006324768 0.6683549880981445 0.2384139895439148 4
0 -0.0169649999588728 74.900146484375 1.350268006324768 0.6683729887008667 0.2383729815483093 4
0 -0.6302139759063721 69.40373229980469 -4.561787128448486 0.8383899927139282 0.3542540073394775 4
0 -0.7884719967842102 67.96546173095703 -4.83175802230835 0.8399119973182678 0.3838009834289551 4
0 -0.9467300176620483 68.33087158203125 -4.22432804107666 0.8450919985771179 0.3826730251312256 4
0 -1.005095958709717 70.40098571777344 -4.80182409286499 0.8431389927864075 0.3288599848747253 4
0 -1.638128042221069 69.62602233886719 -3.856930017471313 0.8590610027313232 0.3491780161857605 4
0 -1.796386003494263 69.98789215087891 -4.261884212493896 0.8603640198707581 0.337440013885498 4
0 -2.231595039367676 70.41731262207031 -4.261885166168213 0.8627859950065613 0.3287739753723145 4
0 -2.627242088317871 70.07748413085938 -3.620707988739014 0.87363600730896 0.3365809917449951 4
0 -2.112901926040649 68.72184753417969 -3.451973915100098 0.8702070116996765 0.3736590147018433 4
0 -1.994209051132202 71.77507781982422 -4.37629508972168 0.8590310215950012 0.2994580268859863 4
0 -2.785499095916748 71.80784606933594 -3.856930017471313 0.8724560141563416 0.3002650141716003 4
0 -1.796386003494263 73.82563018798828 -2.878289937973022 0.8748729825019836 0.2524629831314087 4
0 -2.508548021316528 74.45866394042969 -0.516057014465332 0.9275709986686707 0.2534310221672058 4
0 -3.181144952774048 73.62782287597656 -0.3810720145702362 0.92569899559021 0.2704179883003235 4
0 -3.418531894683838 71.69496154785156 -1.494696021080017 0.9084789752960205 0.3001779913902283 4
0 -1.717257022857666 75.01259613037109 -0.9547569751739502 0.9243040084838867 0.2369790077209473 4
0 -3.497661113739014 70.29161071777344 -1.629680991172791 0.9065009951591492 0.3315889835357666 4
0 -2.96451997756958 68.58338928222656 -1.727107048034668 0.9045040011405945 0.3759419918060303 4
0 -3.478858947753906 72.30128479003906 -0.1072909981012344 0.9278519749641418 0.292851984500885 4
0 -3.478858947753906 71.39012145996094 -0.8834530115127563 0.9173669815063477 0.3073109984397888 4
0 -3.478858947753906 70.41147613525391 -0.3097679913043976 0.9252430200576782 0.3292949795722961 4
0 -3.12277889251709 71.93006134033203 0.6727280020713806 0.9394429922103882 0.2996140122413635 4
0 -3.281035900115967 70.98517608642578 0.5039970278739929 0.9364010095596313 0.3177449703216553 4
0 -1.263247013092041 67.02522277832031 -3.515655994415283 0.8537279963493347 0.4001439809799194 4
0 -0.8280370235443115 65.95698547363281 -4.393057823181152 0.8422539830207825 0.417273998260498 4
0 -2.687567949295044 67.40809631347656 -1.862092971801758 0.9015719890594482 0.4029840230941772 4
0 -2.568876028060913 68.45421600341797 -0.174783006310463 0.932790994644165 0.3797870278358459 4
0 -0.5906490087509155 65.20109558105469 -3.269790887832642 0.8350309729576111 0.4417939782142639 4
0 -1.817149996757507 68.83988952636719 0.9263079762458801 0.9558299779891968 0.3691099882125854 4
0 -2.212794065475464 69.98725128173828 1.122998952865601 0.9528390169143677 0.3388460278511047 4
0 -0.0169649999588728 69.39716339111328 1.778638005256653 0.9882410168647766 0.3536720275878906 4
0 -0.0169649999588728 70.57732391357422 2.139241933822632 0.9882410168647766 0.3255360126495361 4
0 -1.975407958030701 71.39688110351562 1.614730000495911 0.9597280025482178 0.3085309863090515 4
0 -1.717257022857666 75.01259613037109 -0.9547569751739502 0.9882910251617432 0.233331024646759 4
0 -0.0169649999588728 75.35686492919922 0.1373340040445328 0.8283349871635437 0.223101019859314 4
0 -0.0169649999588728 75.24996185302734 -1.764665007591248 0.924232006072998 0.2369779944419861 4
0 -1.025859951972961 74.76224517822266 0.5701149702072144 0.965237021446228 0.2460039854049683 4
0 -0.0169649999588728 75.35686492919922 0.1373340040445328 0.9882410168647766 0.2333049774169922 4
0 -2.529310941696167 73.36379241943359 0.7951779961585999 0.9460530281066895 0.274133026599884 4
0 -0.0169649999588728 72.24920654296875 2.499844074249268 0.9882410168647766 0.296288013458252 4
0 -0.0169649999588728 73.78994750976562 2.270370006561279 0.9882410168647766 0.2735339999198914 4
0 -0.0169649999588728 74.900146484375 1.350268006324768 0.9882410168647766 0.2523589730262756 4
116
-0.8177809715270996 0.2574639916419983 -0.5147299766540527
0.02853200025856495 -0.9995790123939514 0.00534099992364645
0.04774099960923195 0.5365449786186218 -0.842519998550415
-0.9335489869117737 0.3193489909172058 0.1627929955720901
-0.8144850134849548 -0.223810002207756 0.5352780222892761
-0.9040700197219849 -0.4055199921131134 -0.1349460035562515
0.03212099894881248 0.4593029916286469 0.8876990079879761
0.003738000057637691 -0.2657809853553772 0.9640259742736816
0.8836879730224609 -0.4619979858398438 -0.07518900185823441
0.9384310245513916 0.2380460053682327 0.2503620088100433
0.8316890001296997 0.3120630085468292 -0.4592500030994415
0.7893919944763184 -0.2739929854869843 0.5493519902229309
0.03212099894881248 0.4593029916286469 0.8876990079879761
0.003738000057637691 -0.2657809853553772 0.9640259742736816
0.7653049826622009 -0.6273930072784424 -0.1438319981098175
0.7474930286407471 -0.6576560139656067 0.09350600093603134
-0.7679250240325928 -0.6377230286598206 0.06000600010156631
-0.7664110064506531 -0.6261379718780518 -0.1434080004692078
0 -0.2019779980182648 -0.979390025138855
0 -0.09511400014162064 -0.9954659938812256
0.6578800082206726 -0.05491400137543678 -0.751118004322052
0.7904829978942871 -0.215722993016243 -0.5732359886169434
0.8088170289993286 -0.03150700032711029 -0.5872150063514709
0.3565729856491089 -0.2826310098171234 -0.8904920220375061
0.4304180145263672 -0.4705809950828552 -0.770255982875824
0.3717850148677826 -0.632502019405365 -0.6794970035552979
0.5610309839248657 -0.2239290028810501 -0.7969319820404053
0.758620023727417 -0.3261820077896118 -0.5640050172805786
0.7090659737586975 -0.2321950048208237 -0.6658160090446472
0 0.2556140124797821 -0.9667789936065674
0.5065079927444458 0.3171949982643127 -0.8017709851264954
0.8104469776153564 0.2428890019655228 -0.5330860018730164
0 0.5669130086898804 -0.823777973651886
0.5570340156555176 0.5835840106010437 -0.5908830165863037
0.6910549998283386 0.7092139720916748 -0.1394959986209869
0.8657569885253906 0.473904013633728 0.1608690023422241
0.9760069847106934 0.09029699862003326 -0.1981350034475327
0.4228540062904358 0.8984299898147583 -0.1183959990739822
0 0.8328869938850403 -0.5534430146217346
0 0.9700419902801514 -0.2429389953613281
0.9691900014877319 -0.1306439936161041 -0.2088129967451096
0.954367995262146 -0.2841019928455353 -0.09202700108289719
0.9667649865150452 0.1383450031280518 0.2150039970874786
0.9990059733390808 0.03235900029540062 -0.03066599927842617
0.9357839822769165 -0.201995000243187 0.2889739871025085
0.7752900123596191 0.1468349993228912 0.614300012588501
0.7165910005569458 -0.1854500025510788 0.6723880171775818
0 -0.6157810091972351 -0.7879170179367065
0 -0.2102490067481995 -0.9776480197906494
0.7859579920768738 -0.177606001496315 -0.5922210216522217
0 -0.7808039784431458 -0.6247760057449341
0 -0.5353249907493591 -0.8446459770202637
0.6853119730949402 -0.316991001367569 -0.6556400060653687
0 0.1609019935131073 -0.9869700074195862
0 0.09777899831533432 -0.9952080249786377
0.8849300146102905 -0.4293740093708038 -0.1803780049085617
0.8505129814147949 -0.3608239889144897 0.3826670050621033
-0.0005259999888949096 -0.9996209740638733 0.02751399949193001
0.4907169938087463 -0.7740139961242676 0.4001240134239197
0.5578020215034485 -0.3491730093955994 0.7529510259628296
0.5478870272636414 -0.2697489857673645 0.7918679714202881
0.0004419999895617366 -0.3177239894866943 0.948183000087738
0 -0.2672120034694672 0.9636380076408386
0.5074290037155151 -0.1236179992556572 0.8527809977531433
0 0.9700419902801514 -0.2429389953613281
0 0.9776229858398438 0.2103630006313324
0.4228540062904358 0.8984299898147583 -0.1183959990739822
0.4870280027389526 0.7263669967651367 0.4849689900875092
0.4870280027389526 0.7263669967651367 0.4849689900875092
0.6449419856071472 0.3739680051803589 0.6664810180664062
0 0.1147999987006187 0.9933890104293823
0 0.513608992099762 0.858024001121521
0 0.8230980038642883 0.5678989887237549
0 0.8230980038642883 0.5678989887237549
-0.6578800082206726 -0.05491400137543678 -0.751118004322052
-0.7904829978942871 -0.215722993016243 -0.5732359886169434
-0.8088170289993286 -0.03150700032711029 -0.5872150063514709
-0.3565729856491089 -0.2826299965381622 -0.8904920220375061
-0.430417001247406 -0.4705809950828552 -0.770255982875824
-0.3717850148677826 -0.632502019405365 -0.679498016834259
-0.5610309839248657 -0.2239290028810501 -0.7969319820404053
-0.7586190104484558 -0.3261820077896118 -0.5640050172805786
-0.7090659737586975 -0.2321960031986237 -0.6658160090446472
-0.5065079927444458 0.3171949982643127 -0.8017709851264954
-0.81044602394104 0.2428890019655228 -0.5330870151519775
-0.5570340156555176 0.5835840106010437 -0.5908830165863037
-0.6910539865493774 0.7092139720916748 -0.1394959986209869
-0.8657569885253906 0.473904013633728 0.1608690023422241
-0.9760069847106934 0.09029699862003326 -0.1981340050697327
-0.4228540062904358 0.8984299898147583 -0.1183959990739822
-0.9691900014877319 -0.1306439936161041 -0.2088129967451096
-0.9543669819831848 -0.2841019928455353 -0.09202700108289719
-0.9667649865150452 0.1383440047502518 0.2150039970874786
-0.9990059733390808 0.03235900029540062 -0.03066500090062618
-0.9357839822769165 -0.201995000243187 0.2889739871025085
-0.7752900123596191 0.1468349993228912 0.6143010258674622
-0.7165910005569458 -0.1854510009288788 0.6723880171775818
-0.7859579920768738 -0.177606001496315 -0.5922210216522217
-0.6853119730949402 -0.316991001367569 -0.6556400060653687
-0.8849300146102905 -0.4293740093708038 -0.1803780049085617
-0.866474986076355 -0.3380129933357239 0.3673799932003021
-0.4929449856281281 -0.7711629867553711 0.4028800129890442
-0.562720000743866 -0.3388800024986267 0.7539939880371094
-0.5478870272636414 -0.2697489857673645 0.7918679714202881
0.0004419999895617366 -0.3177239894866943 0.948183000087738
0 -0.2672120034694672 0.9636380076408386
-0.507427990436554 -0.1236189976334572 0.8527809977531433
-0.4228540062904358 0.8984299898147583 -0.1183959990739822
0 0.9776229858398438 0.2103630006313324
0 0.9700419902801514 -0.2429389953613281
-0.4870280027389526 0.7263669967651367 0.4849689900875092
0 0.9776229858398438 0.2103630006313324
-0.6449419856071472 0.3739680051803589 0.6664819717407227
0 0.1147999987006187 0.9933890104293823
0 0.513608992099762 0.858024001121521
0 0.8230980038642883 0.5678989887237549
194
0 0 1 2 0 1 2 1
0 3 4 5 3 4 5 1
0 4 6 7 4 6 7 1
0 4 3 6 4 3 6 1
0 0 5 1 0 5 1 1
0 0 3 5 0 3 5 1
0 8 9 10 8 9 10 1
0 9 8 11 9 8 11 1
0 9 11 12 9 11 12 1
0 12 11 13 12 11 13 1
0 10 1 8 10 1 8 1
0 1 10 2 1 10 2 1
0 1 14 15 1 14 15 1
0 16 17 1 16 17 1 1
0 18 19 20 18 19 20 1
0 18 20 21 18 20 21 1
0 21 20 22 21 20 22 1
0 20 19 23 20 19 23 1
0 20 23 24 20 23 24 1
0 24 23 25 24 23 25 1
0 25 23 26 25 23 26 1
0 25 26 27 25 26 27 1
0 25 27 24 25 27 24 1
0 22 20 28 22 20 28 1
0 28 20 24 28 20 24 1
0 28 24 27 28 24 27 1
0 19 29 23 19 29 23 1
0 23 29 30 23 29 30 1
0 23 30 26 23 30 26 1
0 26 30 31 26 30 31 1
0 31 27 26 31 27 26 1
0 29 32 33 29 32 33 1
0 33 30 29 33 30 29 1
0 33 34 30 33 34 30 1
0 30 34 31 30 34 31 1
0 31 34 35 31 34 35 1
0 35 36 31 35 36 31 1
0 34 33 37 34 33 37 1
0 33 32 38 33 32 38 1
0 33 38 37 33 38 37 1
0 38 39 37 38 39 37 1
0 27 31 36 27 31 36 1
0 28 27 40 28 27 40 1
0 28 40 41 28 40 41 1
0 27 36 40 27 36 40 1
0 36 35 42 36 35 42 1
0 40 36 43 40 36 43 1
0 43 36 42 43 36 42 1
0 41 40 44 41 40 44 1
0 44 40 43 44 40 43 1
0 44 43 42 44 43 42 1
0 44 42 45 44 42 45 1
0 44 45 46 44 45 46 1
0 47 18 21 47 18 21 1
0 48 47 49 48 47 49 1
0 49 47 21 49 47 21 1
0 49 21 22 49 21 22 1
0 49 22 28 49 22 28 1
0 50 51 52 50 51 52 1
0 50 52 14 50 52 14 1
0 51 53 52 51 53 52 1
0 53 54 49 53 54 49 1
0 54 48 49 54 48 49 1
0 52 53 49 52 53 49 1
0 14 52 49 14 52 49 1
0 14 49 15 14 49 15 1
0 15 49 55 15 49 55 1
0 15 55 56 15 55 56 1
0 56 11 15 56 11 15 1
0 55 49 28 55 49 28 1
0 55 28 41 55 28 41 1
0 55 41 56 55 41 56 1
0 56 41 44 56 41 44 1
0 57 50 14 57 50 14 1
0 57 14 58 57 14 58 1
0 58 14 1 58 14 1 1
0 1 15 8 1 15 8 1
0 8 15 11 8 15 11 1
0 57 58 1 57 58 1 1
0 11 56 59 11 56 59 1
0 11 59 13 11 59 13 1
0 56 44 59 56 44 59 1
0 59 44 60 59 44 60 1
0 60 44 46 60 44 46 1
0 13 59 61 13 59 61 1
0 61 59 60 61 59 60 1
0 61 60 62 61 60 62 1
0 62 60 46 62 60 46 1
0 46 45 63 46 45 63 1
0 63 62 46 63 62 46 1
0 64 65 66 64 65 66 1
0 66 65 67 66 65 67 1
0 34 37 68 34 37 68 1
0 35 34 68 35 34 68 1
0 35 68 69 35 68 69 1
0 69 42 35 69 42 35 1
0 45 42 69 45 42 69 1
0 63 45 70 63 45 70 1
0 70 45 69 70 45 69 1
0 69 71 70 69 71 70 1
0 69 68 71 69 68 71 1
0 71 68 72 71 68 72 1
0 73 67 65 73 67 65 1
0 62 63 70 62 63 70 1
0 74 19 18 74 19 18 1
0 75 74 18 75 74 18 1
0 76 74 75 76 74 75 1
0 77 19 74 77 19 74 1
0 78 77 74 78 77 74 1
0 79 77 78 79 77 78 1
0 80 77 79 80 77 79 1
0 81 80 79 81 80 79 1
0 78 81 79 78 81 79 1
0 82 74 76 82 74 76 1
0 78 74 82 78 74 82 1
0 81 78 82 81 78 82 1
0 77 29 19 77 29 19 1
0 83 29 77 83 29 77 1
0 80 83 77 80 83 77 1
0 84 83 80 84 83 80 1
0 80 81 84 80 81 84 1
0 85 32 29 85 32 29 1
0 29 83 85 29 83 85 1
0 83 86 85 83 86 85 1
0 84 86 83 84 86 83 1
0 87 86 84 87 86 84 1
0 84 88 87 84 88 87 1
0 89 85 86 89 85 86 1
0 38 32 85 38 32 85 1
0 89 38 85 89 38 85 1
0 89 39 38 89 39 38 1
0 88 84 81 88 84 81 1
0 90 81 82 90 81 82 1
0 91 90 82 91 90 82 1
0 90 88 81 90 88 81 1
0 92 87 88 92 87 88 1
0 93 88 90 93 88 90 1
0 92 88 93 92 88 93 1
0 94 90 91 94 90 91 1
0 93 90 94 93 90 94 1
0 92 93 94 92 93 94 1
0 95 92 94 95 92 94 1
0 96 95 94 96 95 94 1
0 75 18 47 75 18 47 1
0 97 47 48 97 47 48 1
0 75 47 97 75 47 97 1
0 76 75 97 76 75 97 1
0 82 76 97 82 76 97 1
0 98 51 50 98 51 50 1
0 17 98 50 17 98 50 1
0 98 53 51 98 53 51 1
0 97 54 53 97 54 53 1
0 97 48 54 97 48 54 1
0 97 53 98 97 53 98 1
0 97 98 17 97 98 17 1
0 16 97 17 16 97 17 1
0 99 97 16 99 97 16 1
0 100 99 16 100 99 16 1
0 16 4 100 16 4 100 1
0 82 97 99 82 97 99 1
0 91 82 99 91 82 99 1
0 100 91 99 100 91 99 1
0 94 91 100 94 91 100 1
0 17 50 57 17 50 57 1
0 101 17 57 101 17 57 1
0 1 17 101 1 17 101 1
0 5 16 1 5 16 1 1
0 4 16 5 4 16 5 1
0 1 101 57 1 101 57 1
0 102 100 4 102 100 4 1
0 7 102 4 7 102 4 1
0 102 94 100 102 94 100 1
0 103 94 102 103 94 102 1
0 96 94 103 96 94 103 1
0 104 102 7 104 102 7 1
0 103 102 104 103 102 104 1
0 105 103 104 105 103 104 1
0 96 103 105 96 103 105 1
0 106 95 96 106 95 96 1
0 96 105 106 96 105 106 1
0 107 108 109 107 108 109 1
0 110 111 89 110 111 89 1
0 110 89 86 110 89 86 1
0 110 86 87 110 86 87 1
0 112 110 87 112 110 87 1
0 87 92 112 87 92 112 1
0 112 92 95 112 92 95 1
0 113 95 106 113 95 106 1
0 112 95 113 112 95 113 1
0 113 114 112 113 114 112 1
0 114 110 112 114 110 112 1
0 115 110 114 115 110 114 1
0 111 110 115 111 110 115 1
0 113 106 105 113 106 105 1
"FTorso" 0 0
52
0 -0.2222220003604889 61.66242980957031 -4.666666984558105 0.9293460249900818 0.03342902660369873 3
0 5.058155059814453 61.01537704467773 -3.026144027709961 0.9672579765319824 0.03807497024536133 4
0 -0.2222220003604889 57.77272796630859 -5.777778148651123 0.9293460249900818 0.06135600805282593 2
0 4.705214023590088 57.25066757202148 -3.872549057006836 0.9647240042686462 0.06510400772094727 2
0 -0.2222220003604889 54.33522796630859 -5.777778148651123 0.9293460249900818 0.08603602647781372 2
0 4.46992015838623 54.07052230834961 -3.66339898109436 0.963034987449646 0.08793699741363525 2
0 -0.2222220003604889 49.39772796630859 -5.111111164093018 0.9293460249900818 0.1214860081672668 1
0 3.646389961242676 49.4234619140625 -3.20588207244873 0.9571220278739929 0.1213020086288452 1
0 -0.2222220003604889 44.21022796630859 -4.611111164093018 0.9293460249900818 0.1587309837341309 0
0 4.289772987365723 44.21022796630859 -2.773693084716797 0.9617409706115723 0.1587309837341309 0
0 5.602272987365723 49.33522796630859 0 0.9808449745178223 0.1219350099563599 26
0 6.164772987365723 54.14772796630859 -0.6923080086708069 0.9809510111808777 0.087382972240448 4
0 6.039772987365723 44.58522796630859 0 0.9809610247612 0.1560389995574951 1
0 6.719586849212646 58.02392196655273 -1.63348400592804 0.9810019731521606 0.05955302715301514 4
0 6.414772987365723 60.83155059814453 -1.588235020637512 0.9809309840202332 0.03939497470855713 4
0 2.143277883529663 63.37759017944336 -1.708556056022644 0.9463300108909607 0.0211150050163269 4
0 3.87773609161377 63.02364349365234 -2.077539920806885 0.958782970905304 0.02365601062774658 3
0 2.289772987365723 64.82419586181641 0.8235290050506592 0.9476839900016785 0.005282998085021973 4
0 6.227272987365723 63.24699401855469 1.705881953239441 0.9804919958114624 0.01176702976226807 4
0 6.25 62.34984588623047 -0.4369750022888184 0.9806550145149231 0.02849400043487549 4
0 6.953832149505615 57.38576507568359 1.033622026443481 0.9956920146942139 0.05959701538085938 4
0 6.384309768676758 41.30843734741211 0 0.9810150265693665 0.1825900077819824 1
0 5.538722038269043 40.1033935546875 -2.629761934280396 0.9710109829902649 0.1909400224685669 1
0 3.823529005050659 39.27550888061523 -3.746932029724121 0.9583939909934998 0.1941609978675842 1
0 1.229897975921631 38.51638412475586 -3.648376941680908 0.9397720098495483 0.1999139785766602 1
0 -0.2222220003604889 38.26366806030273 -4.545454025268555 0.9293460249900818 0.1956779956817627 1
0 0.3254869878292084 37.77902603149414 0 0.9332789778709412 0.2049049735069275 1
0 -5.502598762512207 61.01537704467773 -3.026144027709961 0.8914350271224976 0.03807497024536133 4
0 -5.149658203125 57.25066757202148 -3.872549057006836 0.8939689993858337 0.06510400772094727 4
0 -4.914363861083984 54.07052230834961 -3.66339898109436 0.895658016204834 0.08793699741363525 2
0 -4.090834140777588 49.4234619140625 -3.20588207244873 0.9015709757804871 0.1213020086288452 1
0 -4.734217166900635 44.21022796630859 -2.773693084716797 0.8969519734382629 0.1587309837341309 0
0 -6.046717166900635 49.33522796630859 0 0.8766379952430725 0.1219350099563599 6
0 -6.609218120574951 54.14772796630859 -0.6923080086708069 0.876833975315094 0.0876849889755249 4
0 -6.484218120574951 44.58522796630859 0 0.8759170174598694 0.1539210081100464 1
0 -7.164031982421875 58.02392196655273 -1.63348400592804 0.8764809966087341 0.05955302715301514 4
0 -6.859218120574951 60.83155059814453 -1.588235020637512 0.8762490153312683 0.03909200429916382 4
0 -4.322179794311523 63.02364349365234 -2.077539920806885 0.8999099731445312 0.02365601062774658 3
0 -2.587722063064575 63.37759017944336 -1.708556056022644 0.9123629927635193 0.0211150050163269 4
0 -2.734216928482056 64.82420349121094 0.8235290050506592 0.9031429886817932 0.005586028099060059 4
0 -6.671718120574951 63.24699401855469 1.705881953239441 0.8757799863815308 0.01237201690673828 4
0 -6.694445133209229 62.34984588623047 -0.4369750022888184 0.8756170272827148 0.02577102184295654 4
0 -7.398276805877686 57.38576507568359 1.033622026443481 0.8521100282669067 0.0598989725112915 4
0 -5.983166217803955 40.1033935546875 -2.629761934280396 0.8879839777946472 0.1882169842720032 1
0 -6.82875394821167 41.30843734741211 0 0.8752580285072327 0.1856150031089783 1
0 -4.267973899841309 39.27550888061523 -3.746932029724121 0.9002990126609802 0.1941609978675842 1
0 -1.67434298992157 38.51638412475586 -3.648375988006592 0.9189209938049316 0.1999139785766602 1
0 -0.7699300050735474 37.77902603149414 0 0.9254140257835388 0.2049049735069275 1
0 -1.825718998908997 65.63526916503906 0.6003149747848511 0.9135990142822266 0.005208015441894531 4
0 -1.825718998908997 65.05203247070312 -0.8996850252151489 0.9232789874076843 0.005159974098205566 4
0 0 64.53373718261719 -2.837347030639648 0.9309419989585876 0.005250990390777588 4
0 1.518268942832947 64.96230316162109 -0.820464015007019 0.9391199946403503 0.005199015140533447 4
52
0.008927999995648861 0.5823550224304199 -0.8128849864006042
0.5150300264358521 0.3771060109138489 -0.7697629928588867
0 0.1544319987297058 -0.9880030155181885
0.5748479962348938 0.02676000073552132 -0.8178229928016663
0 -0.07697899639606476 -0.9970329999923706
0.6434360146522522 -0.1583990007638931 -0.7489330172538757
0 -0.1376170068979263 -0.9904860258102417
0.6654769778251648 -0.1032669991254807 -0.7392410039901733
0 -0.03156000003218651 -0.9995020031929016
0.7000970244407654 0.1079709976911545 -0.7058370113372803
0.9580050110816956 -0.04244500026106834 -0.2835929989814758
0.9350550174713135 -0.1882759928703308 -0.3003750145435333
0.9935160279273987 0.06633999943733215 -0.09232799708843231
0.8581410050392151 -0.1080999970436096 -0.5019050240516663
0.7207689881324768 0.228426992893219 -0.6544569730758667
0.4565260112285614 0.6835449934005737 -0.5695180296897888
0.3260729908943176 0.7864099740982056 -0.5246300101280212
0.4972620010375977 0.8643159866333008 0.07542300224304199
0.496289998292923 0.856784999370575 0.1400550007820129
0.5490080118179321 0.6975470185279846 -0.460453987121582
0.9856020212173462 -0.1623429954051971 -0.04726700112223625
0.9885780215263367 0.1333730071783066 -0.07017699629068375
0.724852979183197 0.1973060071468353 -0.6600450277328491
0.3046219944953918 0.03561500087380409 -0.9518070220947266
0.327006995677948 -0.4713830053806305 -0.8190630078315735
0 -0.8168659806251526 -0.5768280029296875
-0.1231750026345253 -0.9417809844017029 0.3128519952297211
-0.5150300264358521 0.3771060109138489 -0.7697629928588867
-0.5748479962348938 0.02676000073552132 -0.8178229928016663
-0.6434360146522522 -0.1583990007638931 -0.7489330172538757
-0.6654769778251648 -0.1032669991254807 -0.7392410039901733
-0.7000970244407654 0.1079709976911545 -0.7058380246162415
-0.9580050110816956 -0.04244500026106834 -0.2835929989814758
-0.9350550174713135 -0.1882759928703308 -0.3003750145435333
-0.9935160279273987 0.06633999943733215 -0.09232799708843231
-0.8581410050392151 -0.1080999970436096 -0.5019050240516663
-0.7207689881324768 0.228426992893219 -0.6544569730758667
-0.3260729908943176 0.7864090204238892 -0.5246300101280212
-0.4851180016994476 0.693386971950531 -0.5327990055084229
-0.4131470024585724 0.9002879858016968 0.1370799988508224
-0.496289998292923 0.856784999370575 0.1400550007820129
-0.5490080118179321 0.6975470185279846 -0.460453987121582
-0.9856020212173462 -0.1623429954051971 -0.04726700112223625
-0.724852979183197 0.1973060071468353 -0.6600450277328491
-0.9885780215263367 0.1333730071783066 -0.07017699629068375
-0.3046219944953918 0.03561500087380409 -0.9518070220947266
-0.327006995677948 -0.4713830053806305 -0.8190630078315735
0.1231750026345253 -0.9417809844017029 0.3128519952297211
-0.9335489869117737 0.3193489909172058 0.1627929955720901
-0.8177809715270996 0.2574639916419983 -0.5147299766540527
0.04774099960923195 0.5365449786186218 -0.842519998550415
0.8316890001296997 0.3120630085468292 -0.4592500030994415
70
0 0 1 2 0 1 2 1
0 2 1 3 2 1 3 1
0 3 4 2 3 4 2 1
0 4 3 5 4 3 5 1
0 5 6 4 5 6 4 1
0 6 5 7 6 5 7 1
0 6 7 8 6 7 8 1
0 7 9 8 7 9 8 1
0 7 10 9 7 10 9 1
0 11 10 7 11 10 7 1
0 10 12 9 10 12 9 1
0 5 11 7 5 11 7 1
0 3 13 5 3 13 5 1
0 13 11 5 13 11 5 1
0 14 13 3 14 13 3 1
0 1 14 3 1 14 3 1
0 15 16 0 15 16 0 1
0 16 1 0 16 1 0 1
0 17 16 15 17 16 15 1
0 18 16 17 18 16 17 1
0 16 19 1 16 19 1 1
0 16 18 19 16 18 19 1
0 19 14 1 19 14 1 1
0 13 20 11 13 20 11 1
0 9 21 22 9 21 22 1
0 21 9 12 21 9 12 1
0 23 8 9 23 8 9 1
0 9 22 23 9 22 23 1
0 24 8 23 24 8 23 1
0 25 8 24 25 8 24 1
0 25 24 26 25 24 26 1
0 2 27 0 2 27 0 1
0 28 27 2 28 27 2 1
0 2 4 28 2 4 28 1
0 29 28 4 29 28 4 1
0 4 6 29 4 6 29 1
0 30 29 6 30 29 6 1
0 8 30 6 8 30 6 1
0 8 31 30 8 31 30 1
0 31 32 30 31 32 30 1
0 30 32 33 30 32 33 1
0 31 34 32 31 34 32 1
0 30 33 29 30 33 29 1
0 29 35 28 29 35 28 1
0 29 33 35 29 33 35 1
0 28 35 36 28 35 36 1
0 28 36 27 28 36 27 1
0 0 37 38 0 37 38 1
0 0 27 37 0 27 37 1
0 38 37 39 38 37 39 1
0 39 37 40 39 37 40 1
0 27 41 37 27 41 37 1
0 41 40 37 41 40 37 1
0 27 36 41 27 36 41 1
0 33 42 35 33 42 35 1
0 43 44 31 43 44 31 1
0 34 31 44 34 31 44 1
0 31 8 45 31 8 45 1
0 45 43 31 45 43 31 1
0 45 8 46 45 8 46 1
0 46 8 25 46 8 25 1
0 47 46 25 47 46 25 1
0 47 25 26 47 25 26 1
0 48 38 39 48 38 39 1
0 49 38 48 49 38 48 1
0 38 49 50 38 49 50 1
0 50 0 38 50 0 38 1
0 50 15 0 50 15 0 1
0 50 51 15 50 51 15 1
0 17 15 51 17 15 51 1
"BTorso" 0 0
55
0 5.5625 49.16970062255859 2.1512610912323 0.7453870177268982 0.124580979347229 26
0 5.157258033752441 44.7579345703125 2.636554956436157 0.7482929825782776 0.1562169790267944 0
0 6.039772987365723 44.58522796630859 0 0.7246159911155701 0.1565880179405212 1
0 5.602272987365723 49.33522796630859 0 0.7247179746627808 0.124550998210907 26
0 6.5 54.46381759643555 2.798319101333618 0.7386639714241028 0.08661800622940063 4
0 6.164772987365723 54.14772796630859 -0.6923080086708069 0.7248769998550415 0.08671700954437256 4
0 6.953832149505615 57.38576507568359 1.033622026443481 0.7219650149345398 0.05959397554397583 4
0 6.935272216796875 58.21585083007812 2.915961027145386 0.7355430126190186 0.05971401929855347 4
0 4.934731006622314 63.32944488525391 2.92307710647583 0.7497230172157288 0.02785497903823853 4
0 6.227272987365723 63.24699401855469 1.705881953239441 0.7404540181159973 0.02380198240280151 4
0 2.289772987365723 64.82419586181641 0.8235290050506592 0.7658690214157104 0.0121610164642334 4
0 6.625 61.40499114990234 2.739495992660522 0.7376019954681396 0.04165500402450562 4
0 4.44313383102417 60.66138076782227 4.07692289352417 0.7532479763031006 0.04698699712753296 4
0 4.031369209289551 56.97359848022461 4.461537837982178 0.7563660144805908 0.06862097978591919 4
0 3.913722038269043 53.99169540405273 4 0.7572100162506104 0.09000402688980103 2
0 3.619604110717773 48.93287658691406 3.307692050933838 0.759319007396698 0.1262800097465515 1
0 3.1490159034729 44.94645309448242 3.538461923599243 0.7626929879188538 0.154865026473999 0
0 -0.2222220003604889 63.44911193847656 3.69848895072937 0.7867019772529602 0.02699702978134155 4
0 -0.2222220003604889 60.67988204956055 4.929257869720459 0.7867019772529602 0.04685497283935547 3
0 -0.2222220003604889 56.98757171630859 5.236950874328613 0.7868679761886597 0.06852102279663086 2
0 -0.2222220003604889 53.8337287902832 4.775413036346436 0.7868679761886597 0.09113699197769165 2
0 -0.2222220003604889 48.75680541992188 3.929258108139038 0.7868679761886597 0.1275420188903809 1
0 -0.2222220003604889 44.91065216064453 4.006182193756104 0.7868679761886597 0.1551219820976257 0
0 6.384309768676758 41.30843734741211 0 0.7244589924812317 0.1782060265541077 1
0 5.661271095275879 40.55885696411133 1.872619032859802 0.7422209978103638 0.185604989528656 1
0 3.764705896377563 39.59987640380859 3.710211038589478 0.7582780122756958 0.1932039856910706 1
0 1.288722038269043 38.92692565917969 2.383333921432495 0.7731419801712036 0.1971619725227356 1
0 -0.2222220003604889 42.07919311523438 3.708106994628906 0.7866590023040771 0.1741380095481873 0
0 0.3254869878292084 37.77902603149414 0 0.7829399704933167 0.2062609791755676 1
0 -6.484218120574951 44.58522796630859 0 0.8525040149688721 0.1571239829063416 1
0 -5.601702213287354 44.7579345703125 2.636554956436157 0.8254420161247253 0.1562169790267944 1
0 -6.006944179534912 49.16970062255859 2.1512610912323 0.8305050134658813 0.1260740160942078 6
0 -6.046717166900635 49.33522796630859 0 0.8523529767990112 0.1247209906578064 6
0 -6.944445133209229 54.46381759643555 2.798319101333618 0.8350710272789001 0.08661800622940063 4
0 -6.609218120574951 54.14772796630859 -0.6923080086708069 0.8522400259971619 0.08656299114227295 4
0 -7.398276805877686 57.38576507568359 1.033622026443481 0.852258026599884 0.05969500541687012 4
0 -7.379716873168945 58.21585083007812 2.915961027145386 0.8381919860839844 0.05971401929855347 4
0 -2.734216928482056 64.82420349121094 0.8235290050506592 0.8053780198097229 0.01249301433563232 4
0 -6.671718120574951 63.24699401855469 1.705881953239441 0.8312910199165344 0.02164602279663086 4
0 -5.379175186157227 63.32944488525391 2.92307710647583 0.8236809968948364 0.02785497903823853 4
0 -7.069445133209229 61.40499114990234 2.739495992660522 0.8358010053634644 0.04165500402450562 4
0 -4.887578010559082 60.66138076782227 4.07692289352417 0.8201559782028198 0.04698699712753296 4
0 -4.475812911987305 56.97359848022461 4.461537837982178 0.8173689842224121 0.06862097978591919 4
0 -4.358166217803955 53.99169540405273 4 0.8165249824523926 0.09000402688980103 2
0 -4.064048767089844 48.93287658691406 3.307692050933838 0.8144159913063049 0.1262800097465515 1
0 -3.593460083007812 44.94645309448242 3.538461923599243 0.8110420107841492 0.154865026473999 0
0 -6.82875394821167 41.30843734741211 0 0.8506619930267334 0.1802889704704285 1
0 -6.105716228485107 40.55885696411133 1.872619032859802 0.8302180171012878 0.1866589784622192 1
0 -4.209149837493896 39.59987640380859 3.710211038589478 0.8154569864273071 0.1932039856910706 1
0 -1.733165979385376 38.92692565917969 2.383333921432495 0.8020390272140503 0.1968730092048645 1
0 -0.7699300050735474 37.77902603149414 0 0.7907950282096863 0.2062609791755676 1
0 1.518268942832947 64.96230316162109 -0.820464015007019 0.7622789740562439 0.007686972618103027 4
0 1.518268942832947 65.50070953369141 0.5886269807815552 0.772894024848938 0.006314992904663086 4
0 0 65.67009735107422 1.980834007263184 0.7866010069847107 0.01239800453186035 4
0 -1.825718998908997 65.63526916503906 0.6003149747848511 0.7986980080604553 0.006178975105285645 4
55
0.8292620182037354 -0.07884500175714493 0.5532699823379517
0.7460560202598572 0.004594000056385994 0.6658669710159302
0.9935160279273987 0.06633999943733215 -0.09232799708843231
0.9580050110816956 -0.04244500026106834 -0.2835929989814758
0.8890159726142883 -0.1740860044956207 0.4234910011291504
0.9350550174713135 -0.1882759928703308 -0.3003750145435333
0.9856020212173462 -0.1623429954051971 -0.04726700112223625
0.6732890009880066 -0.01756899990141392 0.739171028137207
0.3468239903450012 0.6371970176696777 0.6882529854774475
0.496289998292923 0.856784999370575 0.1400550007820129
0.4972620010375977 0.8643159866333008 0.07542300224304199
0.436502993106842 0.3568490147590637 0.8259080052375793
0.3187969923019409 0.2187110036611557 0.9222440123558044
0.3265720009803772 -0.03230199962854385 0.9446200132369995
0.3292720019817352 -0.1566579937934875 0.9311490058898926
0.3304449915885925 -0.06120400130748749 0.9418389797210693
0.3257879912853241 0.0158699993044138 0.9453099966049194
0.009065999649465084 0.584417998790741 0.8114020228385925
0 0.1934870034456253 0.9811030030250549
0 -0.07430899888277054 0.9972350001335144
0 -0.1519169956445694 0.9883930087089539
0 -0.03518600016832352 0.9993810057640076
0 -0.09469600021839142 0.9955059885978699
0.9885780215263367 0.1333730071783066 -0.07017699629068375
0.7009230256080627 0.009007000364363194 0.7131800055503845
0.162201002240181 -0.06891199946403503 0.9843479990959167
-0.1974820047616959 -0.3865289986133575 0.9008859992027283
0 -0.4804340004920959 0.8770310282707214
-0.1231750026345253 -0.9417809844017029 0.3128519952297211
-0.9935160279273987 0.06633999943733215 -0.09232799708843231
-0.7460560202598572 0.004594000056385994 0.6658669710159302
-0.8292620182037354 -0.07884500175714493 0.5532699823379517
-0.9580050110816956 -0.04244500026106834 -0.2835929989814758
-0.8890159726142883 -0.1740860044956207 0.4234920144081116
-0.9350550174713135 -0.1882759928703308 -0.3003750145435333
-0.9856020212173462 -0.1623429954051971 -0.04726700112223625
-0.6732890009880066 -0.01756899990141392 0.739171028137207
-0.4131470024585724 0.9002879858016968 0.1370799988508224
-0.496289998292923 0.856784999370575 0.1400550007820129
-0.3468239903450012 0.6371970176696777 0.6882539987564087
-0.436502993106842 0.3568490147590637 0.8259080052375793
-0.3187969923019409 0.2187110036611557 0.9222440123558044
-0.3265720009803772 -0.03230199962854385 0.9446200132369995
-0.3292720019817352 -0.1566579937934875 0.9311490058898926
-0.3304449915885925 -0.06120400130748749 0.9418389797210693
-0.3257879912853241 0.0158699993044138 0.9453099966049194
-0.9885780215263367 0.1333730071783066 -0.07017699629068375
-0.7009230256080627 0.009007000364363194 0.7131800055503845
-0.162201002240181 -0.06891199946403503 0.9843479990959167
0.1974820047616959 -0.3865289986133575 0.9008859992027283
0.1231750026345253 -0.9417809844017029 0.3128519952297211
0.8316890001296997 0.3120630085468292 -0.4592500030994415
0.9384310245513916 0.2380460053682327 0.2503620088100433
0.03212099894881248 0.4593029916286469 0.8876990079879761
-0.9335489869117737 0.3193489909172058 0.1627929955720901
78
0 0 1 2 0 1 2 1
0 2 3 0 2 3 0 1
0 4 0 3 4 0 3 1
0 3 5 4 3 5 4 1
0 6 4 5 6 4 5 1
0 4 6 7 4 6 7 1
0 8 9 10 8 9 10 1
0 11 9 8 11 9 8 1
0 11 8 12 11 8 12 1
0 12 7 11 12 7 11 1
0 7 12 13 7 12 13 1
0 13 14 4 13 14 4 1
0 4 7 13 4 7 13 1
0 0 4 14 0 4 14 1
0 14 15 0 14 15 0 1
0 1 0 15 1 0 15 1
0 1 15 16 1 15 16 1
0 17 12 8 17 12 8 1
0 18 12 17 18 12 17 1
0 13 12 18 13 12 18 1
0 13 18 19 13 18 19 1
0 14 13 19 14 13 19 1
0 14 19 20 14 19 20 1
0 15 14 20 15 14 20 1
0 15 20 21 15 20 21 1
0 16 15 21 16 15 21 1
0 16 21 22 16 21 22 1
0 8 10 17 8 10 17 1
0 23 2 1 23 2 1 1
0 1 24 23 1 24 23 1
0 24 1 16 24 1 16 1
0 16 25 24 16 25 24 1
0 25 16 22 25 16 22 1
0 26 25 22 26 25 22 1
0 26 22 27 26 22 27 1
0 28 26 27 28 26 27 1
0 29 30 31 29 30 31 1
0 31 32 29 31 32 29 1
0 32 31 33 32 31 33 1
0 33 34 32 33 34 32 1
0 34 33 35 34 33 35 1
0 36 35 33 36 35 33 1
0 37 38 39 37 38 39 1
0 39 38 40 39 38 40 1
0 41 39 40 41 39 40 1
0 40 36 41 40 36 41 1
0 42 41 36 42 41 36 1
0 33 43 42 33 43 42 1
0 42 36 33 42 36 33 1
0 43 33 31 43 33 31 1
0 31 44 43 31 44 43 1
0 44 31 30 44 31 30 1
0 45 44 30 45 44 30 1
0 39 41 17 39 41 17 1
0 17 41 18 17 41 18 1
0 18 41 42 18 41 42 1
0 19 18 42 19 18 42 1
0 19 42 43 19 42 43 1
0 20 19 43 20 19 43 1
0 20 43 44 20 43 44 1
0 21 20 44 21 20 44 1
0 21 44 45 21 44 45 1
0 22 21 45 22 21 45 1
0 17 37 39 17 37 39 1
0 30 29 46 30 29 46 1
0 46 47 30 46 47 30 1
0 45 30 47 45 30 47 1
0 47 48 45 47 48 45 1
0 22 45 48 22 45 48 1
0 22 48 49 22 48 49 1
0 27 22 49 27 22 49 1
0 27 49 50 27 49 50 1
0 50 28 27 50 28 27 1
0 51 52 10 51 52 10 1
0 53 17 10 53 17 10 1
0 10 52 53 10 52 53 1
0 54 37 53 54 37 53 1
0 53 37 17 53 37 17 1
"FLArm" 0 0
25
0 6.719586849212646 58.02392196655273 -1.63348400592804 0.5374630093574524 0.1339619755744934 4
0 6.414772987365723 60.83155059814453 -1.588235020637512 0.5325769782066345 0.08895599842071533 4
0 9.164608955383301 60.20105743408203 -1.58825695514679 0.5766559839248657 0.09906297922134399 4
0 6.25 62.34984588623047 -0.4369750022888184 0.5299350023269653 0.06461799144744873 4
0 9.440319061279297 60.96747589111328 0.5630490183830261 0.5879979729652405 0.08100897073745728 4
0 9.440319061279297 60.96747589111328 0.5630490183830261 0.5879979729652405 0.08100897073745728 4
0 6.25 62.34984588623047 -0.4369750022888184 0.5299350023269653 0.06461799144744873 4
0 6.227272987365723 63.24699401855469 1.705881953239441 0.529570996761322 0.05023699998855591 4
0 7.494757175445557 52.98773574829102 1.436261057853699 0.5498890280723572 0.2146919965744019 26
0 6.953832149505615 57.38576507568359 1.033622026443481 0.5279510021209717 0.1482300162315369 4
0 8.585161209106445 54.04411697387695 -0.9497799873352051 0.5673679709434509 0.1977580189704895 4
0 9.839783668518066 54.99802017211914 -0.9093189835548401 0.5874789953231812 0.182466983795166 4
0 10.92936897277832 55.4930305480957 0.1206569969654083 0.6199430227279663 0.1739559769630432 4
0 9.093564033508301 48.78479766845703 1.712115049362183 0.5605199933052063 0.2820649743080139 26
0 9.761673927307129 49.22671127319336 -0.1736399978399277 0.5862269997596741 0.2749810218811035 26
0 11.04326820373535 49.48096084594727 -0.1416620016098022 0.6067709922790527 0.2709059715270996 26
0 11.89914226531982 49.83266067504883 0.6723570227622986 0.6297199726104736 0.2652680277824402 26
0 8.935078620910645 44.74702072143555 1.787557005882263 0.5729770064353943 0.3467910289764404 26
0 9.822903633117676 45.17996978759766 -0.478956013917923 0.5872089862823486 0.3398500084877014 26
0 11.42853832244873 45.40070343017578 -0.4405159950256348 0.6129469871520996 0.3363119959831238 26
0 12.5307092666626 45.7349967956543 0.5378789901733398 0.6375370025634766 0.3309530019760132 26
0 10.93941020965576 38.29373168945312 1.626893997192383 0.5883780121803284 0.4490829706192017 27
0 11.41564273834229 38.68257522583008 0.1710470020771027 0.6127399802207947 0.4440039992332458 27
0 12.30118274688721 38.81353378295898 0.1957460045814514 0.6269360184669495 0.4419040083885193 27
0 12.90116024017334 39.08943557739258 0.8242059946060181 0.6434749960899353 0.4369050264358521 27
25
-0.5334190130233765 -0.2156639993190765 -0.8178949952125549
0.07561100274324417 0.329800009727478 -0.9410179853439331
0.3780660033226013 0.2732259929180145 -0.8845409750938416
0.3143979907035828 0.7430089712142944 -0.5908390283584595
0.8414599895477295 0.3943969905376434 -0.3693189918994904
0.5444639921188354 0.8295760154724121 -0.1239439994096756
0.5490080118179321 0.6975470185279846 -0.460453987121582
0.496289998292923 0.856784999370575 0.1400550007820129
-0.9470160007476807 -0.268983006477356 0.1755259931087494
-0.9349880218505859 -0.1909220069646835 0.298907995223999
-0.4064719974994659 -0.2785080075263977 -0.8701800107955933
0.4855859875679016 0.002102999947965145 -0.8741859793663025
0.9236770272254944 0.1691969931125641 -0.3437910079956055
-0.9850410223007202 -0.1494569927453995 0.08577600121498108
-0.5351089835166931 -0.08555199950933456 -0.8404399752616882
0.3722560107707977 0.04088199883699417 -0.9272289872169495
0.9429720044136047 0.1555999964475632 -0.2942650020122528
-0.9851580262184143 -0.1305309981107712 0.1114669963717461
-0.5395609736442566 -0.09109299629926682 -0.8370040059089661
0.3639670014381409 0.02629600092768669 -0.9310410022735596
0.9545069932937622 0.09304700046777725 -0.2833000123500824
-0.9609590172767639 -0.2765170037746429 0.009832999669015408
-0.5931689739227295 -0.07323300093412399 -0.8017399907112122
0.3702740073204041 0.2008329927921295 -0.906952977180481
0.9550909996032715 0.1965789943933487 -0.2217179983854294
28
0 0 1 2 0 1 2 1
0 2 1 3 2 1 3 1
0 2 3 4 2 3 4 1
0 5 6 7 5 6 7 1
0 8 9 0 8 9 0 1
0 8 0 10 8 0 10 1
0 10 0 2 10 0 2 1
0 10 2 11 10 2 11 1
0 11 2 4 11 2 4 1
0 11 4 12 11 4 12 1
0 13 8 10 13 8 10 1
0 13 10 14 13 10 14 1
0 14 10 11 14 10 11 1
0 14 11 15 14 11 15 1
0 15 11 12 15 11 12 1
0 15 12 16 15 12 16 1
0 17 13 14 17 13 14 1
0 17 14 18 17 14 18 1
0 18 14 15 18 14 15 1
0 18 15 19 18 15 19 1
0 19 15 16 19 15 16 1
0 19 16 20 19 16 20 1
0 21 17 18 21 17 18 1
0 21 18 22 21 18 22 1
0 22 18 19 22 18 19 1
0 22 19 23 22 19 23 1
0 23 19 20 23 19 20 1
0 23 20 24 23 20 24 1
"BLArm" 0 0
25
0 9.688876152038574 60.51446151733398 2.739501953125 0.2161439955234528 0.4144690036773682 4
0 6.625 61.40499114990234 2.739495992660522 0.2577590048313141 0.4264370203018188 4
0 6.935272216796875 58.21585083007812 2.915961027145386 0.2527849972248077 0.3753150105476379 4
0 9.440319061279297 60.96747589111328 0.5630490183830261 0.1941709965467453 0.4298059940338135 4
0 6.227272987365723 63.24699401855469 1.705881953239441 0.2577889859676361 0.4565410017967224 4
0 9.688876152038574 60.51446151733398 2.739501953125 0.2161439955234528 0.4144690036773682 4
0 6.625 61.40499114990234 2.739495992660522 0.2577590048313141 0.4264370203018188 4
0 10.92936897277832 55.4930305480957 0.1206569969654083 0.1766459941864014 0.3316680192947388 4
0 9.440319061279297 60.96747589111328 0.5630490183830261 0.1941709965467453 0.4298059940338135 4
0 10.31738471984863 54.89167404174805 2.96235990524292 0.1985699981451035 0.3220289945602417 4
0 8.820535659790039 53.94114685058594 3.120215892791748 0.2225639969110489 0.3067920207977295 26
0 6.953832149505615 57.38576507568359 1.033622026443481 0.2524870038032532 0.3620089888572693 4
0 7.494757175445557 52.98773574829102 1.436261057853699 0.243816003203392 0.2915080189704895 26
0 11.89914226531982 49.83266067504883 0.6723570227622986 0.1611009985208511 0.2409330010414124 26
0 11.41642475128174 49.34637832641602 2.918232917785645 0.1809519976377487 0.2331380248069763 26
0 9.945289611816406 49.11521530151367 3.042993068695068 0.2045339941978455 0.2294319868087769 26
0 9.093564033508301 48.78479766845703 1.712115049362183 0.218188002705574 0.2241359949111938 26
0 12.5307092666626 45.7349967956543 0.5378789901733398 0.1538610011339188 0.1752470135688782 26
0 11.86178779602051 45.25062561035156 3.237211942672729 0.1738130003213882 0.1674829721450806 26
0 10.0286922454834 45.05962371826172 3.387160062789917 0.2031980007886887 0.164421021938324 26
0 8.935078620910645 44.74702072143555 1.787557005882263 0.2207279950380325 0.1594099998474121 26
0 12.90116024017334 39.08943557739258 0.8242059946060181 0.1467690020799637 0.06871902942657471 27
0 12.5491886138916 38.63533782958984 2.558058023452759 0.1627939939498901 0.06143999099731445 27
0 11.53556728363037 38.54800033569336 2.654386043548584 0.1790419965982437 0.06003999710083008 27
0 10.93941020965576 38.29373168945312 1.626893997192383 0.2007119953632355 0.05480998754501343 27
25
0.6628890037536621 0.1622730046510696 0.7309209704399109
0.01651999913156033 0.05684300139546394 0.9982460141181946
-0.2457859963178635 -0.06697200238704681 0.9670079946517944
0.5444639921188354 0.8295760154724121 -0.1239439994096756
0.496289998292923 0.856784999370575 0.1400550007820129
0.420525997877121 0.7342979907989502 0.5328829884529114
0.436502993106842 0.3568490147590637 0.8259080052375793
0.9236770272254944 0.1691969931125641 -0.3437910079956055
0.8414599895477295 0.3943969905376434 -0.3693189918994904
0.6300550103187561 0.1275729984045029 0.765999972820282
-0.4344269931316376 -0.1044009998440742 0.8946359753608704
-0.9349880218505859 -0.1909220069646835 0.298907995223999
-0.9470160007476807 -0.268983006477356 0.1755259931087494
0.9429720044136047 0.1555999964475632 -0.2942650020122528
0.6381629705429077 0.1127040013670921 0.7616069912910461
-0.4072420001029968 -0.04547100141644478 0.9121879935264587
-0.9850410223007202 -0.1494569927453995 0.08577600121498108
0.9545069932937622 0.09304700046777725 -0.2833000123500824
0.6434540152549744 0.07117599993944168 0.7621690034866333
-0.4250830113887787 -0.05225000157952309 0.9036449790000916
-0.9851580262184143 -0.1305309981107712 0.1114669963717461
0.9550909996032715 0.1965789943933487 -0.2217179983854294
0.6805040240287781 0.08118999749422073 0.7282320261001587
-0.4210009872913361 -0.1507569998502731 0.8944439888000488
-0.9609590172767639 -0.2765170037746429 0.009832999669015408
27
0 0 1 2 0 1 2 1
0 3 4 5 3 4 5 1
0 5 4 6 5 4 6 1
0 7 8 0 7 8 0 1
0 7 0 9 7 0 9 1
0 10 2 11 10 2 11 1
0 10 11 12 10 11 12 1
0 9 0 2 9 0 2 1
0 9 2 10 9 2 10 1
0 13 7 9 13 7 9 1
0 13 9 14 13 9 14 1
0 15 10 12 15 10 12 1
0 15 12 16 15 12 16 1
0 14 9 10 14 9 10 1
0 14 10 15 14 10 15 1
0 17 13 14 17 13 14 1
0 17 14 18 17 14 18 1
0 19 15 16 19 15 16 1
0 19 16 20 19 16 20 1
0 18 14 15 18 14 15 1
0 18 15 19 18 15 19 1
0 21 17 18 21 17 18 1
0 21 18 22 21 18 22 1
0 23 19 20 23 19 20 1
0 23 20 24 23 20 24 1
0 22 18 19 22 18 19 1
0 22 19 23 22 19 23 1
"FRArm" 0 0
22
0 -9.609048843383789 60.20105743408203 -1.58825695514679 0.4733560085296631 0.08496999740600586 4
0 -6.859218120574951 60.83155059814453 -1.588235020637512 0.5190799832344055 0.07448697090148926 4
0 -7.164031982421875 58.02392196655273 -1.63348400592804 0.514011025428772 0.1211709976196289 4
0 -6.694445133209229 62.34984588623047 -0.4369750022888184 0.521818995475769 0.04924100637435913 4
0 -9.884759902954102 60.96747589111328 0.5630490183830261 0.4601190090179443 0.06357401609420776 4
0 -7.398276805877686 57.38576507568359 1.033622026443481 0.5233830213546753 0.1340900063514709 4
0 -7.939205169677734 52.98773574829102 1.436261057853699 0.501121997833252 0.204912006855011 6
0 -9.029603958129883 54.04411697387695 -0.9497799873352051 0.4829910099506378 0.1873469948768616 6
0 -10.28422355651855 54.99802017211914 -0.9093189835548401 0.4621289968490601 0.1714850068092346 4
0 -11.37381172180176 55.4930305480957 0.1206569969654083 0.4440119862556458 0.1632540225982666 4
0 -8.882831573486328 48.75031280517578 1.712115049362183 0.4843429923057556 0.2794119715690613 6
0 -10.20611381530762 49.22671127319336 -0.1736399978399277 0.4634279906749725 0.2674490213394165 6
0 -11.48771095275879 49.48096084594727 -0.1416620016098022 0.4421179890632629 0.2632219791412354 6
0 -12.34358406066895 49.83266067504883 0.6723570227622986 0.4209649860858917 0.2516059875488281 6
0 -10.26734447479248 45.17996978759766 -0.478956013917923 0.4624100029468536 0.33473801612854 6
0 -9.345037460327148 45.1263313293457 1.787557005882263 0.4771730005741119 0.3419370055198669 6
0 -11.87297821044922 45.40070343017578 -0.4405159950256348 0.4357120096683502 0.3310670256614685 6
0 -12.97515106201172 45.7349967956543 0.5378789901733398 0.4070020020008087 0.3197410106658936 6
0 -11.38385200500488 38.29373168945312 1.626893997192383 0.458842009305954 0.4475100040435791 7
0 -11.86008262634277 38.68257522583008 0.1710470020771027 0.4359259903430939 0.4427750110626221 7
0 -12.74562454223633 38.81353378295898 0.1957460045814514 0.4212020039558411 0.4405969977378845 7
0 -13.34560203552246 39.08943557739258 0.8242059946060181 0.397381991147995 0.4279339909553528 7
22
-0.3780660033226013 0.2732259929180145 -0.8845409750938416
-0.07561100274324417 0.329800009727478 -0.9410179853439331
0.5334200263023376 -0.2156639993190765 -0.8178949952125549
-0.3143979907035828 0.7430089712142944 -0.5908390283584595
-0.8414599895477295 0.3943969905376434 -0.3693189918994904
0.9349880218505859 -0.1909220069646835 0.2989070117473602
0.9501219987869263 -0.2179480046033859 0.2230830043554306
0.3825649917125702 -0.2507649958133698 -0.8892480134963989
-0.4855859875679016 0.002102999947965145 -0.8741869926452637
-0.9236770272254944 0.1691969931125641 -0.3437910079956055
0.9827839732170105 -0.1631529927253723 0.08670199662446976
0.4478099942207336 -0.1092389971017838 -0.8874300122261047
-0.3722560107707977 0.04088199883699417 -0.9272289872169495
-0.9429720044136047 0.1555999964475632 -0.2942639887332916
0.5417270064353943 -0.08980099856853485 -0.8357440233230591
0.9808019995689392 -0.1848720014095306 0.06204999983310699
-0.3639670014381409 0.02629600092768669 -0.9310410022735596
-0.9545069932937622 0.09304700046777725 -0.2833009958267212
0.9618690013885498 -0.2731310129165649 0.01441899966448545
0.5931699872016907 -0.07323399931192398 -0.8017399907112122
-0.3702740073204041 0.2008329927921295 -0.906952977180481
-0.9550899863243103 0.1965789943933487 -0.2217179983854294
26
0 0 1 2 0 1 2 1
0 3 1 0 3 1 0 1
0 4 3 0 4 3 0 1
0 2 5 6 2 5 6 1
0 7 2 6 7 2 6 1
0 0 2 7 0 2 7 1
0 8 0 7 8 0 7 1
0 4 0 8 4 0 8 1
0 9 4 8 9 4 8 1
0 7 6 10 7 6 10 1
0 11 7 10 11 7 10 1
0 8 7 11 8 7 11 1
0 12 8 11 12 8 11 1
0 9 8 12 9 8 12 1
0 13 9 12 13 9 12 1
0 14 11 15 14 11 15 1
0 12 11 14 12 11 14 1
0 16 12 14 16 12 14 1
0 13 12 16 13 12 16 1
0 17 13 16 17 13 16 1
0 14 15 18 14 15 18 1
0 19 14 18 19 14 18 1
0 16 14 19 16 14 19 1
0 20 16 19 20 16 19 1
0 17 16 20 17 16 20 1
0 21 17 20 21 17 20 1
"BRArm" 0 0
27
0 -7.379716873168945 58.21585083007812 2.915961027145386 0.2740840017795563 0.3753150105476379 4
0 -7.069445133209229 61.40499114990234 2.739495992660522 0.2691099941730499 0.4264370203018188 4
0 -10.13331604003906 60.51446151733398 2.739501953125 0.3182240128517151 0.4121620059013367 4
0 -6.671718120574951 63.24699401855469 1.705881953239441 0.2656190097332001 0.4571179747581482 4
0 -6.694445133209229 62.34984588623047 -0.4369750022888184 0.265406996011734 0.472154974937439 4
0 -9.884759902954102 60.96747589111328 0.5630490183830261 0.3413510024547577 0.4292290210723877 4
0 -10.13331604003906 60.51446151733398 2.739501953125 0.3182240128517151 0.4121620059013367 4
0 -7.069445133209229 61.40499114990234 2.739495992660522 0.2691099941730499 0.4264370203018188 4
0 -9.884759902954102 60.96747589111328 0.5630490183830261 0.3413510024547577 0.4292290210723877 4
0 -11.37381172180176 55.4930305480957 0.1206569969654083 0.3513759970664978 0.3328220248222351 4
0 -10.76182556152344 54.89167404174805 2.96235990524292 0.3282989859580994 0.3220289945602417 4
0 -7.398276805877686 57.38576507568359 1.033622026443481 0.2743819952011108 0.3620089888572693 4
0 -9.264978408813477 53.94114685058594 3.120215892791748 0.3043049871921539 0.3067920207977295 6
0 -7.939205169677734 52.98773574829102 1.436261057853699 0.2830530107021332 0.2915080189704895 6
0 -12.34358406066895 49.83266067504883 0.6723570227622986 0.3680750131607056 0.2432399988174438 6
0 -11.86086463928223 49.34637832641602 2.918232917785645 0.3459169864654541 0.2331380248069763 6
0 -10.38973045349121 49.11521530151367 3.042993068695068 0.3223339915275574 0.2294319868087769 6
0 -8.882831573486328 48.75031280517578 1.712115049362183 0.3000290095806122 0.2189440131187439 6
0 -10.20611381530762 49.22671127319336 -0.1736399978399277 0.2795900106430054 0.2092999815940857 6
0 -9.345037460327148 45.1263313293457 1.787557005882263 0.3061409890651703 0.1594099998474121 6
0 -12.97515106201172 45.7349967956543 0.5378789901733398 0.3747380077838898 0.1764010190963745 6
0 -12.30623054504395 45.25062561035156 3.237211942672729 0.353056013584137 0.1674829721450806 6
0 -10.4731330871582 45.05962371826172 3.387160062789917 0.3236710131168365 0.164421021938324 6
0 -13.34560203552246 39.08943557739258 0.8242059946060181 0.3847149908542633 0.06698900461196899 7
0 -12.99363136291504 38.63533782958984 2.558058023452759 0.3681130111217499 0.06259399652481079 7
0 -11.98000717163086 38.54800033569336 2.654386043548584 0.3478269875049591 0.06003999710083008 7
0 -11.38385200500488 38.29373168945312 1.626893997192383 0.3342329859733582 0.05480998754501343 7
27
0.2457859963178635 -0.06697200238704681 0.9670079946517944
-0.01651999913156033 0.05684300139546394 0.9982460141181946
-0.6628890037536621 0.1622730046510696 0.7309209704399109
-0.496289998292923 0.856784999370575 0.1400550007820129
-0.5490080118179321 0.6975470185279846 -0.460453987121582
-0.5444639921188354 0.8295760154724121 -0.1239439994096756
-0.4205270111560822 0.7342979907989502 0.5328829884529114
-0.436502993106842 0.3568490147590637 0.8259080052375793
-0.8414599895477295 0.3943969905376434 -0.3693189918994904
-0.9236770272254944 0.1691969931125641 -0.3437910079956055
-0.6300539970397949 0.1275729984045029 0.7660009860992432
0.9349880218505859 -0.1909220069646835 0.2989070117473602
0.4344269931316376 -0.1044009998440742 0.8946359753608704
0.9501219987869263 -0.2179480046033859 0.2230830043554306
-0.9429720044136047 0.1555999964475632 -0.2942639887332916
-0.6381629705429077 0.1127040013670921 0.7616069912910461
0.3310540020465851 -0.009072000160813332 0.9435679912567139
0.9827839732170105 -0.1631529927253723 0.08670199662446976
0.4478099942207336 -0.1092389971017838 -0.8874300122261047
0.9808019995689392 -0.1848720014095306 0.06204999983310699
-0.9545069932937622 0.09304700046777725 -0.2833009958267212
-0.6434540152549744 0.07117599993944168 0.7621679902076721
0.3832589983940125 -0.0729919970035553 0.9207519888877869
-0.9550899863243103 0.1965789943933487 -0.2217179983854294
-0.6805040240287781 0.08118999749422073 0.7282320261001587
0.4267869889736176 -0.1496600061655045 0.8918830156326294
0.9618690013885498 -0.2731310129165649 0.01441899966448545
29
0 0 1 2 0 1 2 1
0 3 4 5 3 4 5 1
0 6 3 5 6 3 5 1
0 7 3 6 7 3 6 1
0 2 8 9 2 8 9 1
0 10 2 9 10 2 9 1
0 11 0 12 11 0 12 1
0 13 11 12 13 11 12 1
0 0 2 10 0 2 10 1
0 12 0 10 12 0 10 1
0 10 9 14 10 9 14 1
0 15 10 14 15 10 14 1
0 13 12 16 13 12 16 1
0 17 13 16 17 13 16 1
0 12 10 15 12 10 15 1
0 16 12 15 16 12 15 1
0 18 17 19 18 17 19 1
0 15 14 20 15 14 20 1
0 21 15 20 21 15 20 1
0 17 16 22 17 16 22 1
0 19 17 22 19 17 22 1
0 16 15 21 16 15 21 1
0 22 16 21 22 16 21 1
0 21 20 23 21 20 23 1
0 24 21 23 24 21 23 1
0 19 22 25 19 22 25 1
0 26 19 25 26 19 25 1
0 22 21 24 22 21 24 1
0 25 22 24 25 22 24 1
"FLegs" 0 0
72
0 6.34033203125 2.300530910491943 -1.284592032432556 0.8878350257873535 0.9471959993243217 52
0 7.709729194641113 1.549178004264832 -2.771924018859863 0.9171280264854431 0.9590750001370907 52
0 4.996826171875 1.5295569896698 -3.082854986190796 0.8539590239524841 0.9580600000917912 52
0 7.890317916870117 0.9322789907455444 -3.150059938430786 0.9213359951972961 0.9341360032558441 52
0 4.630440235137939 0.9903550148010254 -3.693759918212891 0.8523460030555725 0.9303350001573563 0
0 5.024330139160156 24.14029121398926 -2.467194080352783 0.8735870122909546 0.6957499980926514 50
0 3.823529005050659 39.27550888061523 -3.746932029724121 0.8616909980773926 0.5458079874515533 1
0 5.538722038269043 40.1033935546875 -2.629761934280396 0.8798930048942566 0.5396220088005066 1
0 6.460836887359619 24.17644500732422 -1.622774004936218 0.8878189921379089 0.6953920125961304 50
0 3.077923059463501 24.36286163330078 -1.705535054206848 0.8543050289154053 0.693545013666153 50
0 1.229897975921631 38.51638412475586 -3.648376941680908 0.8359969854354858 0.5533280074596405 1
0 6.384309768676758 41.30843734741211 0 0.8971419930458069 0.5333299934864044 1
0 7.404225826263428 24.48293685913086 0.3649089932441711 0.908456027507782 0.6923550069332123 50
0 2.151232004165649 24.13607215881348 0.3649089932441711 0.8342360258102417 0.6957919895648956 50
0 0.3254869878292084 37.77902603149414 0 0.8226010203361511 0.5586169958114624 1
0 5.325685977935791 18.34344291687012 -1.130830049514771 0.8765730261802673 0.7531780004501343 50
0 6.771237850189209 18.54585075378418 -0.2863970100879669 0.8908939957618713 0.7511730045080185 50
0 3.348670959472656 18.60209655761719 -0.3838819861412048 0.8569869995117188 0.7506159991025925 50
0 7.701488018035889 19.12516593933105 1.681421995162964 0.9114009737968445 0.7454339861869812 50
0 2.429888010025024 18.86812782287598 1.73115599155426 0.8369969725608826 0.747979998588562 50
0 6.326290130615234 5.315248012542725 2.197211980819702 0.8864859938621521 0.8822470009326935 51
0 6.823516845703125 5.341403961181641 2.678462028503418 0.8914120197296143 0.8819879963994026 51
0 5.160927772521973 5.416149139404297 2.648121118545532 0.8648589849472046 0.8820540010929108 51
0 7.371871948242188 5.50745677947998 3.834022045135498 0.9161999821662903 0.8787299990653992 51
0 4.619349002838135 5.246249198913574 3.777172088623047 0.8433640003204346 0.8837369978427887 51
0 5.207735061645508 5.392411231994629 4.823515892028809 0.8270140290260315 0.8810790032148361 51
0 6.340322971343994 3.65009593963623 0.6649760007858276 0.8866249918937683 0.8987430036067963 51
0 7.322649002075195 3.43047308921814 1.786105990409851 0.9120830297470093 0.9017250016331673 52
0 4.996805191040039 3.263320922851562 2.070926904678345 0.8648459911346436 0.9021719992160797 52
0 7.729020118713379 3.808459043502808 3.060358047485352 0.9290130138397217 0.8971740007400513 51
0 4.372365951538086 2.836910009384155 3.656003952026367 0.849789023399353 0.912041999399662 52
0 6.34033203125 2.300530910491943 -1.284592032432556 0.8878350257873535 0.9471959993243217 52
0 7.709729194641113 1.549178004264832 -2.771924018859863 0.9171280264854431 0.9590750001370907 52
0 4.996826171875 1.5295569896698 -3.082854986190796 0.8539590239524841 0.9580600000917912 52
0 7.890317916870117 0.9322789907455444 -3.150059938430786 0.9213359951972961 0.9341360032558441 52
0 4.630440235137939 0.9903550148010254 -3.693759918212891 0.8523460030555725 0.9303350001573563 0
0 -5.441269874572754 1.5295569896698 -3.082854986190796 0.7896659970283508 0.9600760005414486 48
0 -8.1541748046875 1.549178004264832 -2.771924018859863 0.7260940074920654 0.9582690000534058 48
0 -6.784777164459229 2.300530910491943 -1.284592032432556 0.7565960288047791 0.950824998319149 48
0 -8.334762573242188 0.9322789907455444 -3.150059938430786 0.7089809775352478 0.9341360032558441 48
0 -5.074883937835693 0.9903550148010254 -3.693759918212891 0.801360011100769 0.9392060004174709 0
0 -5.983166217803955 40.1033935546875 -2.629761934280396 0.7661510109901428 0.5416390001773834 1
0 -4.267973899841309 39.27550888061523 -3.746932029724121 0.7815300226211548 0.5458079874515533 1
0 -5.46877384185791 24.14029121398926 -2.467194080352783 0.7696340084075928 0.6957499980926514 46
0 -6.905282020568848 24.17644500732422 -1.622774004936218 0.7554029822349548 0.6953920125961304 46
0 -1.67434298992157 38.51638412475586 -3.648375988006592 0.8072249889373779 0.5533280074596405 1
0 -3.522367000579834 24.36286163330078 -1.705535054206848 0.7889170050621033 0.693545013666153 46
0 -6.82875394821167 41.30843734741211 0 0.7484989762306213 0.5361520051956177 1
0 -7.848671913146973 24.48293685913086 0.3649089932441711 0.734362006187439 0.6923550069332123 46
0 -0.7699300050735474 37.77902603149414 0 0.8206200003623962 0.5586169958114624 1
0 -2.595675945281982 24.13607215881348 0.3649089932441711 0.8089849948883057 0.6957919895648956 46
0 -5.770130157470703 18.34344291687012 -1.130830049514771 0.76664799451828 0.7531780004501343 46
0 -7.215682983398438 18.54585075378418 -0.2863970100879669 0.7523279786109924 0.7511730045080185 46
0 -3.793116092681885 18.60209655761719 -0.3838819861412048 0.7862340211868286 0.7506159991025925 46
0 -8.14593505859375 19.12516593933105 1.681421995162964 0.7314170002937317 0.7454339861869812 46
0 -2.874331951141357 18.86812782287598 1.73115599155426 0.80622398853302 0.747979998588562 46
0 -6.770734786987305 5.315248012542725 2.197211980819702 0.7567359805107117 0.8822470009326935 47
0 -7.267961978912354 5.341403961181641 2.678462028503418 0.7413250207901001 0.8799709975719452 47
0 -5.605371952056885 5.416149139404297 2.648121118545532 0.7743290066719055 0.8812469989061356 47
0 -7.816318035125732 5.50745677947998 3.834022045135498 0.7221819758415222 0.8763099983334541 47
0 -5.063793182373047 5.246249198913574 3.777172088623047 0.7873560190200806 0.8825270012021065 47
0 -5.652178764343262 5.392411231994629 4.823515892028809 0.8085449934005737 0.8818859979510307 47
0 -6.784768104553223 3.65009593963623 0.6649760007858276 0.7565969824790955 0.8987430036067963 47
0 -7.76709508895874 3.43047308921814 1.786105990409851 0.7279120087623596 0.900918997824192 47
0 -5.441248893737793 3.263320922851562 2.070926904678345 0.7868430018424988 0.9021719992160797 47
0 -8.173465728759766 3.808459043502808 3.060358047485352 0.7121919989585876 0.896367996931076 47
0 -4.816810131072998 2.836910009384155 3.656003952026367 0.8039169907569885 0.920913003385067 48
0 -6.784777164459229 2.300530910491943 -1.284592032432556 0.7565960288047791 0.950824998319149 48
0 -8.1541748046875 1.549178004264832 -2.771924018859863 0.7260940074920654 0.9582690000534058 48
0 -5.441269874572754 1.5295569896698 -3.082854986190796 0.7896659970283508 0.9600760005414486 48
0 -8.334762573242188 0.9322789907455444 -3.150059938430786 0.7089809775352478 0.9341360032558441 48
0 -5.074883937835693 0.9903550148010254 -3.693759918212891 0.801360011100769 0.9392060004174709 0
72
0.04155300185084343 0.9066799879074097 -0.4197680056095123
0.06953199952840805 0.7531189918518066 -0.6541990041732788
0.0899910032749176 0.7368900179862976 -0.6699960231781006
0.1125079989433289 -0.4423109889030457 -0.8897770047187805
0.144894003868103 -0.3880139887332916 -0.9101930260658264
0.08316099643707275 -0.1459510028362274 -0.9857900142669678
0.06644900143146515 -0.09755200147628784 -0.9930099844932556
0.7061600089073181 -0.005938999820500612 -0.7080270051956177
0.7526540160179138 -0.05913800001144409 -0.6557549834251404
-0.6408089995384216 -0.1721950024366379 -0.7481390237808228
-0.7292230129241943 -0.1756889969110489 -0.6613370180130005
0.9897549748420715 0.05143100023269653 -0.1331879943609238
0.9991260170936584 0.04130800068378448 0.006407000124454498
-0.9950439929962158 -0.07603400200605392 0.06407699733972549
-0.9641669988632202 -0.1274500042200089 0.2326769977807999
0.07866799831390381 -0.233253002166748 -0.969228982925415
0.7693129777908325 -0.1195100024342537 -0.6275950074195862
-0.6812639832496643 -0.2256740033626556 -0.6963840126991272
0.999468982219696 0.02797500044107437 0.01669099926948547
-0.9933549761772156 -0.1006390005350113 0.05583800002932549
0.08199600130319595 0.1597509980201721 -0.9837459921836853
0.8114190101623535 0.1925030052661896 -0.5518530011177063
-0.6959379911422729 -0.03611199930310249 -0.7171930074691772
0.9894750118255615 0.1409800052642822 0.03262199833989143
-0.9986019730567932 -0.04193700104951859 0.03217199817299843
-0.7180550098419189 0.03338399901986122 0.6951850056648254
0.2024479955434799 0.7684879899024963 -0.6069930195808411
0.6047379970550537 0.6562700271606445 -0.4512229859828949
-0.7134730219841003 0.5428630113601685 -0.4430080056190491
0.9130420088768005 0.4030219912528992 -0.06267099827528
-0.994828999042511 0.04412899911403656 -0.09147100150585175
0.3527350127696991 0.8099460005760193 -0.4685769975185394
0.4804210066795349 0.8154489994049072 -0.322860985994339
-0.330830991268158 0.8580960035324097 -0.3927110135555267
0.7643030285835266 0.6381480097770691 -0.09277399629354477
-0.9361979961395264 0.3265059888362885 -0.1301070004701614
-0.0899910032749176 0.7368900179862976 -0.6699960231781006
-0.06953199952840805 0.7531189918518066 -0.6541990041732788
-0.04155300185084343 0.9066799879074097 -0.4197680056095123
-0.1125079989433289 -0.4423109889030457 -0.8897770047187805
-0.144894003868103 -0.3880139887332916 -0.9101930260658264
-0.7061600089073181 -0.005938999820500612 -0.7080270051956177
-0.06644900143146515 -0.09755200147628784 -0.9930099844932556
-0.08316099643707275 -0.1459510028362274 -0.9857900142669678
-0.7526540160179138 -0.05913800001144409 -0.6557549834251404
0.7292230129241943 -0.1756889969110489 -0.6613370180130005
0.6408089995384216 -0.1721950024366379 -0.7481390237808228
-0.9897549748420715 0.05143100023269653 -0.1331879943609238
-0.9991260170936584 0.04130800068378448 0.006407000124454498
0.9641669988632202 -0.1274500042200089 0.2326769977807999
0.9950439929962158 -0.07603400200605392 0.06407699733972549
-0.07866799831390381 -0.233253002166748 -0.969228982925415
-0.7693129777908325 -0.1195110008120537 -0.6275950074195862
0.6812639832496643 -0.2256740033626556 -0.6963840126991272
-0.999468982219696 0.02797500044107437 0.01669099926948547
0.9933549761772156 -0.1006390005350113 0.05583800002932549
-0.08199699968099594 0.1597509980201721 -0.9837459921836853
-0.8114190101623535 0.1925040036439896 -0.5518530011177063
0.6959379911422729 -0.03611199930310249 -0.7171930074691772
-0.9894750118255615 0.1409800052642822 0.03262199833989143
0.9986019730567932 -0.04193700104951859 0.03217199817299843
0.7180550098419189 0.03338399901986122 0.6951850056648254
-0.2024469971656799 0.7684879899024963 -0.6069930195808411
-0.6047379970550537 0.6562700271606445 -0.4512229859828949
0.7134730219841003 0.5428630113601685 -0.4430080056190491
-0.9130420088768005 0.4030219912528992 -0.06267099827528
0.994828999042511 0.04412899911403656 -0.09147100150585175
-0.3527350127696991 0.8099470138549805 -0.4685769975185394
-0.4804210066795349 0.815447986125946 -0.322860985994339
0.330830991268158 0.8580960035324097 -0.3927110135555267
-0.764303982257843 0.6381469964981079 -0.09277399629354477
0.9361979961395264 0.3265059888362885 -0.1301070004701614
86
0 0 1 2 0 1 2 1
0 2 1 3 2 1 3 1
0 2 3 4 2 3 4 1
0 5 6 7 5 6 7 1
0 5 7 8 5 7 8 1
0 9 10 6 9 10 6 1
0 9 6 5 9 6 5 1
0 8 7 11 8 7 11 1
0 8 11 12 8 11 12 1
0 13 14 10 13 14 10 1
0 13 10 9 13 10 9 1
0 15 5 8 15 5 8 1
0 15 8 16 15 8 16 1
0 17 9 5 17 9 5 1
0 17 5 15 17 5 15 1
0 16 8 12 16 8 12 1
0 16 12 18 16 12 18 1
0 19 13 9 19 13 9 1
0 19 9 17 19 9 17 1
0 20 15 16 20 15 16 1
0 20 16 21 20 16 21 1
0 22 17 15 22 17 15 1
0 22 15 20 22 15 20 1
0 21 16 18 21 16 18 1
0 21 18 23 21 18 23 1
0 24 19 17 24 19 17 1
0 24 17 22 24 17 22 1
0 25 19 24 25 19 24 1
0 26 20 21 26 20 21 1
0 26 21 27 26 21 27 1
0 28 22 20 28 22 20 1
0 28 20 26 28 20 26 1
0 27 21 23 27 21 23 1
0 27 23 29 27 23 29 1
0 30 22 28 30 22 28 1
0 31 26 27 31 26 27 1
0 31 27 32 31 27 32 1
0 33 28 26 33 28 26 1
0 33 26 31 33 26 31 1
0 32 27 29 32 27 29 1
0 32 29 34 32 29 34 1
0 35 30 28 35 30 28 1
0 35 28 33 35 28 33 1
0 36 37 38 36 37 38 1
0 39 37 36 39 37 36 1
0 40 39 36 40 39 36 1
0 41 42 43 41 42 43 1
0 44 41 43 44 41 43 1
0 42 45 46 42 45 46 1
0 43 42 46 43 42 46 1
0 47 41 44 47 41 44 1
0 48 47 44 48 47 44 1
0 45 49 50 45 49 50 1
0 46 45 50 46 45 50 1
0 44 43 51 44 43 51 1
0 52 44 51 52 44 51 1
0 43 46 53 43 46 53 1
0 51 43 53 51 43 53 1
0 48 44 52 48 44 52 1
0 54 48 52 54 48 52 1
0 46 50 55 46 50 55 1
0 53 46 55 53 46 55 1
0 52 51 56 52 51 56 1
0 57 52 56 57 52 56 1
0 51 53 58 51 53 58 1
0 56 51 58 56 51 58 1
0 54 52 57 54 52 57 1
0 59 54 57 59 54 57 1
0 53 55 60 53 55 60 1
0 58 53 60 58 53 60 1
0 60 55 61 60 55 61 1
0 57 56 62 57 56 62 1
0 63 57 62 63 57 62 1
0 56 58 64 56 58 64 1
0 62 56 64 62 56 64 1
0 59 57 63 59 57 63 1
0 65 59 63 65 59 63 1
0 64 58 66 64 58 66 1
0 63 62 67 63 62 67 1
0 68 63 67 68 63 67 1
0 62 64 69 62 64 69 1
0 67 62 69 67 62 69 1
0 65 63 68 65 63 68 1
0 70 65 68 70 65 68 1
0 64 66 71 64 66 71 1
0 69 64 71 69 64 71 1
"BLegs" 0 0
73
0 4.630440235137939 0.9903550148010254 -3.693759918212891 0.5215839743614197 0.9543880000710487 0
0 7.890317916870117 0.9322789907455444 -3.150059938430786 0.4663040041923523 0.9452849999070168 52
0 5.050780773162842 1.001345992088318 0.8038790225982666 0.5069360136985779 0.9159699976444244 52
0 8.337398529052734 0.9657909870147705 0.6085370182991028 0.4719560146331787 0.9054350033402443 52
0 3.159441947937012 24.40374374389648 2.166352987289429 0.5232530236244202 0.6917890012264252 50
0 1.288722038269043 38.92692565917969 2.383333921432495 0.5417860150337219 0.5479100048542023 1
0 0.3254869878292084 37.77902603149414 0 0.5541509985923767 0.5492010116577148 1
0 2.151232004165649 24.13607215881348 0.3649089932441711 0.5453389883041382 0.6964569985866547 50
0 7.404225826263428 24.48293685913086 0.3649089932441711 0.4691030085086823 0.6906009912490845 50
0 6.384309768676758 41.30843734741211 0 0.4727559983730316 0.530364990234375 1
0 5.661271095275879 40.55885696411133 1.872619032859802 0.4980649948120117 0.5365819931030273 1
0 6.680410861968994 24.32257270812988 1.780313968658447 0.4883719980716705 0.6925930082798004 50
0 3.764705896377563 39.59987640380859 3.710211038589478 0.5172569751739502 0.5412429869174957 1
0 5.079130172729492 24.26681518554688 3.169234991073608 0.5042350292205811 0.6931450068950653 50
0 3.42808198928833 19.3889045715332 3.515417098999023 0.5205919742584229 0.7414700090885162 50
0 2.429888010025024 18.86812782287598 1.73115599155426 0.5425779819488525 0.748645007610321 50
0 7.701488018035889 19.12516593933105 1.681421995162964 0.466158002614975 0.7436800003051758 50
0 6.982711791992188 19.30298233032227 3.128092050552368 0.4853770136833191 0.7423210144042969 50
0 5.372376918792725 19.52706336975098 4.538103103637695 0.5013300180435181 0.7401010096073151 50
0 5.207735061645508 5.392411231994629 4.823515892028809 0.5223169922828674 0.8793239966034889 51
0 7.371871948242188 5.50745677947998 3.834022045135498 0.4678109884262085 0.8773780018091202 51
0 6.948173999786377 5.387199878692627 4.604970932006836 0.4857189953327179 0.8801819980144501 51
0 6.353803157806396 5.319572925567627 5.372464179992676 0.5012850165367126 0.880851998925209 51
0 4.372365951538086 2.836910009384155 3.656003952026367 0.5176889896392822 0.9102870002388954 52
0 4.619349002838135 5.246249198913574 3.777172088623047 0.5402439832687378 0.9053699970245361 51
0 5.160927772521973 5.416149139404297 2.648121118545532 0.5352810025215149 0.8883640021085739 51
0 4.663680076599121 1.00468897819519 4.570679187774658 0.5212550163269043 0.954245999455452 52
0 7.729020118713379 3.808459043502808 3.060358047485352 0.4574179947376251 0.8958230018615723 51
0 7.729020118713379 3.808459043502808 3.060358047485352 0.4679020047187805 0.8970320001244545 51
0 8.498666763305664 1.000769019126892 4.455612182617188 0.4606800079345703 0.9163789972662926 52
0 6.404317855834961 1.00137197971344 6.202180862426758 0.4959459900856018 0.913953997194767 52
0 5.050780773162842 1.001345992088318 0.8038790225982666 0.5069360136985779 0.9159699976444244 52
0 4.630440235137939 0.9903550148010254 -3.693759918212891 0.5215839743614197 0.9543880000710487 0
0 7.890317916870117 0.9322789907455444 -3.150059938430786 0.4663040041923523 0.9452849999070168 52
0 8.337398529052734 0.9657909870147705 0.6085370182991028 0.4719560146331787 0.9054350033402443 52
0 6.404317855834961 1.00137197971344 6.202180862426758 0.4959459900856018 0.913953997194767 52
0 4.663680076599121 1.00468897819519 4.570679187774658 0.5212550163269043 0.954245999455452 52
0 -5.495224952697754 1.001345992088318 0.8038790225982666 0.6089940071105957 0.9179869964718819 48
0 -8.334762573242188 0.9322789907455444 -3.150059938430786 0.6334949731826782 0.9150419980287552 48
0 -5.074883937835693 0.9903550148010254 -3.693759918212891 0.5814409852027893 0.9289840012788773 0
0 -8.781843185424805 0.9657909870147705 0.6085370182991028 0.6326820254325867 0.9292270019650459 48
0 -0.7699300050735474 37.77902603149414 0 0.557341992855072 0.5496039986610413 1
0 -1.733165979385376 38.92692565917969 2.383333921432495 0.5717229843139648 0.5479100048542023 1
0 -3.60388708114624 24.40374374389648 2.166352987289429 0.5902559757232666 0.6917890012264252 46
0 -2.595675945281982 24.13607215881348 0.3649089932441711 0.5697839856147766 0.6968599855899811 46
0 -6.105716228485107 40.55885696411133 1.872619032859802 0.6190739870071411 0.5369850099086761 1
0 -6.82875394821167 41.30843734741211 0 0.645592987537384 0.5295589864253998 1
0 -7.848671913146973 24.48293685913086 0.3649089932441711 0.6423900127410889 0.6922140121459961 46
0 -7.124855995178223 24.32257270812988 1.780313968658447 0.625137984752655 0.6925930082798004 46
0 -4.209149837493896 39.59987640380859 3.710211038589478 0.596252977848053 0.5412429869174957 1
0 -5.523573875427246 24.26681518554688 3.169234991073608 0.6092740297317505 0.6931450068950653 46
0 -3.872526884078979 19.3889045715332 3.515417098999023 0.5929179787635803 0.7414700090885162 46
0 -2.874331951141357 18.86812782287598 1.73115599155426 0.5725439786911011 0.7490490078926086 46
0 -8.14593505859375 19.12516593933105 1.681421995162964 0.6453350186347961 0.745292991399765 46
0 -7.4271559715271 19.30298233032227 3.128092050552368 0.6281329989433289 0.7423210144042969 46
0 -5.816821098327637 19.52706336975098 4.538103103637695 0.6121799945831299 0.7401010096073151 46
0 -5.652178764343262 5.392411231994629 4.823515892028809 0.595628023147583 0.8801309987902641 47
0 -7.816318035125732 5.50745677947998 3.834022045135498 0.6485220193862915 0.8785879984498024 47
0 -7.392619132995605 5.387199878692627 4.604970932006836 0.6346459984779358 0.8801819980144501 47
0 -6.798247814178467 5.319572925567627 5.372464179992676 0.6162570118904114 0.8804489970207214 47
0 -5.605371952056885 5.416149139404297 2.648121118545532 0.5883089900016785 0.872637003660202 47
0 -5.063793182373047 5.246249198913574 3.777172088623047 0.576894998550415 0.897306002676487 47
0 -4.816810131072998 2.836910009384155 3.656003952026367 0.5921909809112549 0.9086740016937256 48
0 -5.108123779296875 1.00468897819519 4.570679187774658 0.5817700028419495 0.9288410022854805 48
0 -8.173465728759766 3.808459043502808 3.060358047485352 0.6355270147323608 0.8958230018615723 47
0 -8.943110466003418 1.000769019126892 4.455612182617188 0.650409996509552 0.9167829975485802 48
0 -6.848762989044189 1.00137197971344 6.202180862426758 0.6224030256271362 0.9550849981606007 48
0 -5.495224952697754 1.001345992088318 0.8038790225982666 0.6089940071105957 0.9179869964718819 48
0 -5.074883937835693 0.9903550148010254 -3.693759918212891 0.5814409852027893 0.9289840012788773 0
0 -8.334762573242188 0.9322789907455444 -3.150059938430786 0.6334949731826782 0.9150419980287552 48
0 -8.781843185424805 0.9657909870147705 0.6085370182991028 0.6326820254325867 0.9292270019650459 48
0 -5.108123779296875 1.00468897819519 4.570679187774658 0.5817700028419495 0.9288410022854805 48
0 -6.848762989044189 1.00137197971344 6.202180862426758 0.6224030256271362 0.9550849981606007 48
73
0.144894003868103 -0.3880139887332916 -0.9101930260658264
0.1125079989433289 -0.4423109889030457 -0.8897770047187805
-0.01047000009566545 -0.9999359846115112 0.004403000231832266
-0.01043699961155653 -0.9999250173568726 0.006403999868780375
-0.7063909769058228 0.03788900002837181 0.706807017326355
-0.6363710165023804 -0.09284800291061401 0.7657750248908997
-0.9641669988632202 -0.1274500042200089 0.2326769977807999
-0.9950439929962158 -0.07603400200605392 0.06407699733972549
0.9991260170936584 0.04130800068378448 0.006407000124454498
0.9897549748420715 0.05143100023269653 -0.1331879943609238
0.8453019857406616 0.05290500074625015 0.5316640138626099
0.78615802526474 0.1168809980154037 0.6068729758262634
0.3492079973220825 -0.0008309999830089509 0.9370449781417847
0.118647001683712 0.1205509975552559 0.9855909943580627
-0.6957539916038513 0.06111399829387665 0.7156749963760376
-0.9933549761772156 -0.1006390005350113 0.05583800002932549
0.999468982219696 0.02797500044107437 0.01669099926948547
0.7851409912109375 0.1403110027313232 0.6032140254974365
0.1518280059099197 0.1792519986629486 0.9720169901847839
-0.7180550098419189 0.03338399901986122 0.6951850056648254
0.9894750118255615 0.1409800052642822 0.03262199833989143
0.8395649790763855 0.1299590021371841 0.5274850130081177
0.1790850013494492 0.1473519951105118 0.9727360010147095
-0.994828999042511 0.04412899911403656 -0.09147100150585175
-0.9986019730567932 -0.04193700104951859 0.03217199817299843
-0.6959379911422729 -0.03611199930310249 -0.7171930074691772
-0.9125469923019409 -0.0028029999230057 0.4089620113372803
0.9130420088768005 0.4030219912528992 -0.06267099827528
0.9130420088768005 0.4030219912528992 -0.06267099827528
0.8876379728317261 0.2557669878005981 0.3829919993877411
-0.1830359995365143 -0.2532730102539062 0.9499210119247437
-0.9419929981231689 -0.335534006357193 -0.008124000392854214
-0.9361979961395264 0.3265059888362885 -0.1301070004701614
0.7643030285835266 0.6381480097770691 -0.09277399629354477
0.9991199970245361 0.002003999892622232 -0.04190099984407425
-0.006577999796718359 -0.9999769926071167 0.001654000021517277
-0.002496999921277165 -0.9999970197677612 0.0006309999735094607
0.01047000009566545 -0.9999359846115112 0.004403000231832266
-0.1125079989433289 -0.4423109889030457 -0.8897770047187805
-0.144894003868103 -0.3880139887332916 -0.9101930260658264
0.01043699961155653 -0.9999250173568726 0.006403999868780375
0.9641669988632202 -0.1274500042200089 0.2326769977807999
0.6363710165023804 -0.09284800291061401 0.7657750248908997
0.7063909769058228 0.03788900002837181 0.706807017326355
0.9950439929962158 -0.07603400200605392 0.06407699733972549
-0.8453019857406616 0.05290500074625015 0.5316640138626099
-0.9897549748420715 0.05143100023269653 -0.1331879943609238
-0.9991260170936584 0.04130800068378448 0.006407000124454498
-0.7861570119857788 0.1168819963932037 0.6068739891052246
-0.3492079973220825 -0.0008309999830089509 0.9370449781417847
-0.118647001683712 0.1205509975552559 0.9855909943580627
0.6957539916038513 0.06111399829387665 0.7156749963760376
0.9933549761772156 -0.1006390005350113 0.05583800002932549
-0.999468982219696 0.02797500044107437 0.01669099926948547
-0.7851399779319763 0.1403110027313232 0.6032140254974365
-0.1518280059099197 0.1792519986629486 0.9720169901847839
0.7180550098419189 0.03338399901986122 0.6951850056648254
-0.9894750118255615 0.1409800052642822 0.03262199833989143
-0.8395649790763855 0.1299590021371841 0.5274850130081177
-0.1790850013494492 0.1473519951105118 0.9727360010147095
0.6959379911422729 -0.03611199930310249 -0.7171930074691772
0.9986019730567932 -0.04193700104951859 0.03217199817299843
0.994828999042511 0.04412899911403656 -0.09147100150585175
0.9125469923019409 -0.0028029999230057 0.4089620113372803
-0.9130420088768005 0.4030219912528992 -0.06267099827528
-0.8876379728317261 0.2557660043239594 0.3829919993877411
0.1830350011587143 -0.2532730102539062 0.9499210119247437
0.9419929981231689 -0.335534006357193 -0.008124000392854214
0.9361979961395264 0.3265059888362885 -0.1301070004701614
-0.764303982257843 0.6381469964981079 -0.09277399629354477
-0.9991199970245361 0.002003999892622232 -0.04190000146627426
0.002496999921277165 -0.9999970197677612 0.0006309999735094607
0.006577999796718359 -0.9999769926071167 0.001654000021517277
82
0 0 1 2 0 1 2 1
0 2 1 3 2 1 3 1
0 4 5 6 4 5 6 1
0 4 6 7 4 6 7 1
0 8 9 10 8 9 10 1
0 8 10 11 8 10 11 1
0 11 10 12 11 10 12 1
0 11 12 13 11 12 13 1
0 13 12 5 13 12 5 1
0 13 5 4 13 5 4 1
0 14 4 7 14 4 7 1
0 14 7 15 14 7 15 1
0 16 8 11 16 8 11 1
0 16 11 17 16 11 17 1
0 17 11 13 17 11 13 1
0 17 13 18 17 13 18 1
0 18 13 4 18 13 4 1
0 18 4 14 18 4 14 1
0 19 14 15 19 14 15 1
0 20 16 17 20 16 17 1
0 20 17 21 20 17 21 1
0 21 17 18 21 17 18 1
0 21 18 22 21 18 22 1
0 22 18 14 22 18 14 1
0 22 14 19 22 14 19 1
0 23 24 25 23 24 25 1
0 26 19 24 26 19 24 1
0 26 24 23 26 24 23 1
0 27 20 21 27 20 21 1
0 28 21 29 28 21 29 1
0 29 21 22 29 21 22 1
0 29 22 30 29 22 30 1
0 30 22 19 30 22 19 1
0 30 19 26 30 19 26 1
0 31 26 23 31 26 23 1
0 31 23 32 31 23 32 1
0 33 28 29 33 28 29 1
0 33 29 34 33 29 34 1
0 34 29 30 34 29 30 1
0 2 35 36 2 35 36 1
0 35 2 3 35 2 3 1
0 37 38 39 37 38 39 1
0 40 38 37 40 38 37 1
0 41 42 43 41 42 43 1
0 44 41 43 44 41 43 1
0 45 46 47 45 46 47 1
0 48 45 47 48 45 47 1
0 49 45 48 49 45 48 1
0 50 49 48 50 49 48 1
0 42 49 50 42 49 50 1
0 43 42 50 43 42 50 1
0 44 43 51 44 43 51 1
0 52 44 51 52 44 51 1
0 48 47 53 48 47 53 1
0 54 48 53 54 48 53 1
0 50 48 54 50 48 54 1
0 55 50 54 55 50 54 1
0 43 50 55 43 50 55 1
0 51 43 55 51 43 55 1
0 52 51 56 52 51 56 1
0 54 53 57 54 53 57 1
0 58 54 57 58 54 57 1
0 55 54 58 55 54 58 1
0 59 55 58 59 55 58 1
0 51 55 59 51 55 59 1
0 56 51 59 56 51 59 1
0 60 61 62 60 61 62 1
0 61 56 63 61 56 63 1
0 62 61 63 62 61 63 1
0 58 57 64 58 57 64 1
0 65 58 64 65 58 64 1
0 59 58 65 59 58 65 1
0 66 59 65 66 59 65 1
0 56 59 66 56 59 66 1
0 63 56 66 63 56 66 1
0 62 63 67 62 63 67 1
0 68 62 67 68 62 67 1
0 65 64 69 65 64 69 1
0 70 65 69 70 65 69 1
0 66 65 70 66 65 70 1
0 71 72 37 71 72 37 1
0 40 37 72 40 37 72 1
"BRHand" 0 0
99
0 13.6701774597168 35.15450286865234 -0.5361739993095398 0.1273390054702759 0.5875590145587921 28
0 12.90116024017334 39.08943557739258 0.8242059946060181 0.09868399798870087 0.5046719908714294 27
0 12.5491886138916 38.63533782958984 2.558058023452759 0.06216200068593025 0.5142379999160767 27
0 13.76056289672852 35.19629287719727 2.572635889053345 0.06185499951243401 0.5866779983043671 28
0 13.06263446807861 36.9279899597168 -0.4061799943447113 0.1246009990572929 0.5502009987831116 28
0 12.30118274688721 38.81353378295898 0.1957460045814514 0.1119220033288002 0.5104840099811554 27
0 13.6701774597168 35.15450286865234 -0.5361739993095398 0.1273390054702759 0.5875590145587921 28
0 13.15567779541016 35.51347351074219 -0.5985050201416016 0.1286520063877106 0.5799970030784607 43
0 13.06263446807861 36.9279899597168 -0.4061799943447113 0.1246009990572929 0.5502009987831116 28
0 13.15567779541016 35.36221694946289 -1.026190042495728 0.1376609951257706 0.5831829905509949 44
0 13.15567779541016 35.89934158325195 -1.723163962364197 0.1523420065641403 0.5718689858913422 43
0 13.15567779541016 34.21572494506836 -1.586877942085266 0.1494709998369217 0.6073330044746399 44
0 13.15567779541016 34.10185241699219 -2.184037923812866 0.1620499938726425 0.6097320020198822 44
0 12.61513710021973 34.24970626831055 -2.108705043792725 0.1604630053043365 0.6066170036792755 44
0 13.625 34.07532501220703 0.2636939883232117 0.1104910001158714 0.6102910041809082 39
0 13.625 34.12937545776367 -0.4322519898414612 0.1251499950885773 0.6091519892215729 39
0 13.625 34.25074005126953 1.754598021507263 0.07908599823713303 0.6065959930419922 28
0 13.76056289672852 35.19629287719727 2.572635889053345 0.06185499951243401 0.5866779983043671 28
0 13.625 34.49034118652344 2.49862003326416 0.06246500089764595 0.6013109982013702 28
0 12.46875 34.51476287841797 2.567652940750122 0.05247500166296959 0.5960550010204315 28
0 12.46875 34.18082427978516 -0.4983550012111664 0.1327069997787476 0.6083050072193146 39
0 13.046875 29.77935218811035 -0.3541789948940277 0.1455560028553009 0.7223579883575439 41
0 12.62809181213379 30.09330177307129 -0.6514880061149597 0.159169003367424 0.7129000127315521 41
0 13.46565818786621 30.03801155090332 -0.6054670214653015 0.1480039954185486 0.7126420140266418 41
0 12.62809181213379 29.96647644042969 -0.01275200024247169 0.1322000026702881 0.7177050113677979 41
0 13.46565818786621 29.94684982299805 -0.08662799745798111 0.1370750069618225 0.7145619988441467 41
0 13.40246295928955 30.45802307128906 2.953493118286133 0.03794600069522858 0.7009490132331848 30
0 13.046875 30.28932571411133 3.4184730052948 0.02767799980938435 0.7094820141792297 30
0 12.69128704071045 30.47962188720703 3.046485900878906 0.04286300018429756 0.7083190083503723 30
0 12.69128704071045 30.69205856323242 3.567662000656128 0.01860699988901615 0.6957820057868958 30
0 13.40246295928955 30.67045974731445 3.515516996383667 0.02610800042748451 0.6964739859104156 30
0 12.53979587554932 32.86941528320312 -0.5276479721069336 0.1541890054941177 0.6534749865531921 40
0 13.625 34.12937545776367 -0.4322519898414612 0.1443549990653992 0.6264599859714508 39
0 13.55395412445068 32.81410980224609 -0.4706070125102997 0.1451629996299744 0.6541649997234344 40
0 13.625 34.07532501220703 0.2636939883232117 0.1296959966421127 0.6275990009307861 39
0 13.55395412445068 32.71563720703125 0.1637589931488037 0.1318009942770004 0.6562399864196777 40
0 12.46875 34.09974670410156 0.3597530126571655 0.1241160035133362 0.6282700002193451 39
0 12.59045219421387 31.35312080383301 -0.6193130016326904 0.1549350023269653 0.6856510043144226 41
0 13.50329780578613 31.29774856567383 -0.5645310282707214 0.1471419930458069 0.6861059963703156 41
0 13.50329780578613 31.20082664489746 0.04622400179505348 0.1342770010232925 0.6881479918956757 41
0 12.53979587554932 32.73382568359375 0.2535519897937775 0.1246929988265038 0.6565679907798767 40
0 12.62809181213379 30.09330177307129 -0.6514880061149597 0.159169003367424 0.7129000127315521 41
0 13.46565818786621 30.03801155090332 -0.6054670214653015 0.1480039954185486 0.7126420140266418 41
0 13.46565818786621 29.94684982299805 -0.08662799745798111 0.1370750069618225 0.7145619988441467 41
0 12.59045219421387 31.2192497253418 0.1327600032091141 0.129609003663063 0.6891829967498779 41
0 13.04243564605713 29.59464836120605 0.8735550045967102 0.1021490022540092 0.7267229855060577 37
0 13.45130825042725 29.93339729309082 1.20658004283905 0.09513399749994278 0.7153199911117554 37
0 12.63356304168701 29.90778160095215 1.138478994369507 0.08803299814462662 0.7175189852714539 37
0 12.6408805847168 29.90741539001465 0.5790129899978638 0.1168889999389648 0.7206090092658997 37
0 13.45130825042725 29.88302040100098 0.503367006778717 0.1099470034241676 0.7163810133934021 37
0 13.47428226470947 30.2567253112793 1.785596013069153 0.07440199702978134 0.7130140066146851 33
0 13.47428226470947 30.37936210632324 2.311820983886719 0.06331799924373627 0.7104299962520599 33
0 13.04233646392822 29.98307800292969 2.126260042190552 0.06722600013017654 0.7218599915504456 33
0 13.5473108291626 32.62344741821289 0.4755800068378448 0.1105320006608963 0.6586560010910034 36
0 13.625 34.07532501220703 0.2636939883232117 0.114996001124382 0.6280730068683624 39
0 13.62500095367432 34.12572479248047 1.156759977340698 0.09618400037288666 0.6270110011100769 35
0 13.5473108291626 32.67375564575195 1.253144025802612 0.0941540002822876 0.6575959920883179 36
0 12.45833396911621 34.10007476806641 1.070220947265625 0.09089300036430359 0.62636598944664 35
0 12.54574871063232 32.64780807495117 0.559224009513855 0.1177799999713898 0.6595659852027893 36
0 13.49550819396973 31.11344146728516 0.4724110066890717 0.1105989962816238 0.6904630064964294 37
0 13.49550819396973 31.16456604003906 1.218067049980164 0.09489200264215469 0.6893860101699829 37
0 12.53669738769531 32.64817428588867 1.177842020988464 0.08862700313329697 0.6567130088806152 36
0 12.59707927703857 31.13821029663086 0.5526229739189148 0.1176820024847984 0.690416008234024 37
0 13.45130825042725 29.88302040100098 0.503367006778717 0.1099470034241676 0.7163810133934021 37
0 13.45130825042725 29.93339729309082 1.20658004283905 0.09513399749994278 0.7153199911117554 37
0 12.58896636962891 31.13857650756836 1.145856976509094 0.08645500242710114 0.6885110139846802 37
0 12.6408805847168 29.90741539001465 0.5790129899978638 0.1168889999389648 0.7206090092658997 37
0 13.52714061737061 32.66930770874023 1.47272801399231 0.08099199831485748 0.6621940135955811 32
0 13.62500095367432 34.12572479248047 1.156759977340698 0.08764799684286118 0.6315160095691681 35
0 13.625 34.25074005126953 1.754598021507263 0.07505500316619873 0.6288830041885376 28
0 13.52714061737061 32.78408432006836 2.017143964767456 0.06952500343322754 0.6597769856452942 32
0 12.55704689025879 32.64574813842773 1.393969058990479 0.08691900223493576 0.6643500030040741 32
0 12.46875 34.2751579284668 1.877684950828552 0.06748300045728683 0.6269460022449493 28
0 13.49023723602295 31.37959289550781 1.650140047073364 0.0772550031542778 0.6893610060214996 37
0 13.49023723602295 31.50646209716797 2.23406195640564 0.06495500355958939 0.6866889894008636 33
0 12.59428119659424 31.35543251037598 1.571953058242798 0.08459299802780151 0.6915299892425537 37
0 12.56572723388672 32.80654525756836 2.129251003265381 0.05957600101828575 0.6562210023403168 32
0 13.47428226470947 30.2567253112793 1.785596013069153 0.07440199702978134 0.7130140066146851 33
0 13.47428226470947 30.37936210632324 2.311820983886719 0.06331799924373627 0.7104299962520599 33
0 12.61038970947266 30.23340797424316 1.715136051177979 0.07991699874401093 0.7182469964027405 33
0 12.602294921875 31.52947807312012 2.345354080200195 0.05668399855494499 0.685018002986908 30
0 12.61594867706299 32.89611434936523 2.413055896759033 0.05905099958181381 0.6533870100975037 29
0 13.625 34.25074005126953 1.754598021507263 0.06319999694824219 0.6210590004920959 28
0 13.47780132293701 32.8748893737793 2.306711912155151 0.05156999826431274 0.6500400006771088 29
0 13.625 34.49034118652344 2.49862003326416 0.04752799868583679 0.6160120069980621 28
0 13.47780132293701 33.0833854675293 2.949421882629395 0.03803199902176857 0.6456480026245117 29
0 12.46875 34.51476287841797 2.567652940750122 0.0394349992275238 0.6140750050544739 28
0 12.65755844116211 31.61836433410645 2.751979112625122 0.05214900150895119 0.6803010106086731 30
0 13.43619155883789 31.59766006469727 2.652491092681885 0.04428600147366524 0.6769439876079559 30
0 13.43619155883789 31.80093193054199 3.253761053085327 0.03162100166082382 0.6726619899272919 30
0 12.61594867706299 33.10461044311523 3.009053945541382 0.03013700060546398 0.6421189904212952 29
0 12.69128704071045 30.47962188720703 3.046485900878906 0.04286300018429756 0.7083190083503723 30
0 13.40246295928955 30.45802307128906 2.953493118286133 0.03794600069522858 0.7009490132331848 30
0 13.40246295928955 30.67045974731445 3.515516996383667 0.02610800042748451 0.6964739859104156 30
0 12.65755844116211 31.82164192199707 3.309545040130615 0.02356999926269054 0.6693809926509857 30
0 12.61038970947266 30.23340797424316 1.715136051177979 0.07991699874401093 0.7182469964027405 33
0 12.61811447143555 30.40157127380371 2.412117958068848 0.05575099959969521 0.709962010383606 33
0 12.61513710021973 34.36359786987305 -1.511540055274963 0.1478839963674545 0.6042180061340332 44
0 13.62500095367432 34.12572479248047 1.156759977340698 0.09167899936437607 0.6092289984226227 35
99
0.9596790075302124 0.2663779854774475 -0.08976700156927109
0.9550909996032715 0.1965789943933487 -0.2217179983854294
0.6805040240287781 0.08118999749422073 0.7282320261001587
0.4709309935569763 0.1612579971551895 0.8673059940338135
0.5310119986534119 0.3957700133323669 -0.7492610216140747
0.3702740073204041 0.2008329927921295 -0.906952977180481
0.6403570175170898 -0.06337100267410278 -0.7654590010643005
0.5741230249404907 -0.2459290027618408 -0.7809619903564453
0.4797349870204926 0.5553719997406006 -0.6792770028114319
0.5675600171089172 -0.5691980123519897 0.594884991645813
0.7240819931030273 0.3249959945678711 -0.6083440184593201
0.1962009966373444 -0.8636929988861084 0.464262992143631
0.8491039872169495 -0.3535830080509186 -0.3924309909343719
-0.7768509984016418 -0.4214990139007568 -0.4678040146827698
0.9991059899330139 -0.04226300120353699 -0.0005910000181756914
0.7219259738922119 -0.1012089997529984 -0.6845279932022095
0.9817889928817749 -0.1834519952535629 0.04934899881482124
0.816756010055542 -0.176595002412796 0.5492939949035645
0.6858720183372498 -0.2049179971218109 0.6982750296592712
-0.4059320092201233 -0.1164600029587746 0.906453013420105
-0.3755159974098206 -0.2400739938020706 -0.8951830267906189
-0.01326999999582767 -0.9865729808807373 -0.1627790033817291
-0.2807349860668182 -0.8303400278091431 -0.4813770055770874
0.2398129999637604 -0.8477950096130371 -0.473004013299942
-0.27046999335289 -0.9445989727973938 0.1859519928693771
0.2579030096530914 -0.9474170207977295 0.1894380003213882
0.3443709909915924 -0.9357410073280334 -0.07613900303840637
-0.004253000020980835 -0.9205499887466431 0.3906010091304779
-0.4192520081996918 -0.9057120084762573 -0.062561996281147
-0.3566980063915253 -0.5848209857940674 0.7285270094871521
0.4230700135231018 -0.5733609795570374 0.701619029045105
-0.6835929751396179 -0.001510999980382621 -0.7298610210418701
0.4866690039634705 -0.001037999987602234 -0.8735859990119934
0.7261750102043152 0.002129999920725822 -0.6875069737434387
0.9336739778518677 -0.1654919981956482 -0.3175950050354004
0.7369670271873474 -0.07878900319337845 0.6713209748268127
-0.9389830231666565 -0.1455570012331009 0.3116480112075806
-0.6832129955291748 0.01382699981331825 -0.7300879955291748
0.7266169786453247 0.004989999812096357 -0.6870250105857849
0.7388269901275635 -0.0804160013794899 0.6690800189971924
-0.6753510236740112 -0.0908069983124733 0.7318850159645081
-0.4028849899768829 0.01295599993318319 -0.9151589870452881
0.8978559970855713 -0.01241900026798248 -0.4401150047779083
0.5086320042610168 -0.1079349964857101 0.8541920185089111
-0.6752129793167114 -0.09687100350856781 0.7312350273132324
-0.04221000149846077 -0.9983519911766052 0.0388760007917881
0.3230249881744385 -0.8324639797210693 0.4501760005950928
-0.3694289922714233 -0.8322010040283203 0.4134779870510101
-0.3839859962463379 -0.8445209860801697 -0.3732810020446777
0.3033669888973236 -0.8846510052680969 -0.3540639877319336
0.3907909989356995 -0.8932939767837524 -0.2220560014247894
0.3987829983234406 -0.7077379822731018 0.5831630229949951
0.0540819987654686 -0.9726750254631042 0.2257860004901886
0.6763190031051636 -0.06746499985456467 -0.7335119843482971
0.9336739778518677 -0.1654919981956482 -0.3175950050354004
0.9444779753684998 -0.1620540022850037 -0.2858330011367798
0.6793789863586426 -0.0006859999848529696 0.7337870001792908
-0.9431340098381042 -0.07697799801826477 0.3233759999275208
-0.7305200099945068 -0.09012000262737274 -0.6769189834594727
0.6745499968528748 -0.0360179990530014 -0.7373499870300293
0.6776639819145203 -0.03846799954771996 0.7343649864196777
-0.7381500005722046 -0.02725500054657459 0.6740859746932983
-0.7322859764099121 -0.02780500054359436 -0.6804289817810059
0.8864409923553467 -0.04346700012683868 -0.4607970118522644
0.3867819905281067 -0.02370700053870678 0.9218659996986389
-0.7390900254249573 -0.03277299925684929 0.6728090047836304
-0.5078279972076416 -0.03524300083518028 -0.8607370257377625
0.7368800044059753 -0.1460759937763214 -0.660053014755249
0.9444779753684998 -0.1620540022850037 -0.2858330011367798
0.9307739734649658 -0.2537420094013214 -0.2632020115852356
0.7454569935798645 0.08624400198459625 0.6609500050544739
-0.6816989779472351 -0.1675589978694916 -0.7121869921684265
-0.9271950125694275 -0.08885599672794342 0.3638879954814911
0.7379720211029053 -0.1024840027093887 -0.6670039892196655
0.7492550015449524 0.07621700316667557 0.6578810214996338
-0.6797450184822083 -0.1115970015525818 -0.7249090075492859
-0.6564580202102661 0.08928900212049484 0.7490599751472473
0.9025620222091675 -0.06423299759626389 -0.4257420003414154
0.5303599834442139 0.04815800115466118 0.8464030027389526
-0.3851230144500732 -0.1201950013637543 -0.9150050282478333
-0.6572200059890747 0.05759900063276291 0.7514950037002563
-0.7470470070838928 -0.2542209923267365 -0.6142410039901733
0.9307739734649658 -0.2537420094013214 -0.2632020115852356
0.6595460176467896 -0.275173008441925 -0.6994850039482117
0.8957229852676392 0.04795899987220764 0.4420180022716522
0.7298060059547424 0.1542859971523285 0.6660169959068298
-0.39444899559021 0.2341389954090118 0.888588011264801
-0.7516180276870728 -0.1887589991092682 -0.6320130228996277
0.6597269773483276 -0.213471993803978 -0.7205489873886108
0.73164302110672 0.1353009939193726 0.6681259870529175
-0.6761350035667419 0.1332419961690903 0.7246289849281311
-0.5375940203666687 -0.2249819934368134 -0.8126350045204163
0.8838549852371216 -0.1439789980649948 -0.4450510144233704
0.4998289942741394 0.1819020062685013 0.8468080163002014
-0.6778770089149475 0.1443260014057159 0.7208700180053711
-0.3223589956760406 -0.9202960133552551 -0.2216760069131851
-0.3091660141944885 -0.7298570275306702 0.6096929907798767
-0.4136979877948761 -0.6187459826469421 0.6678379774093628
0.9949010014533997 -0.1007959991693497 0.003524000057950616
78
0 0 1 2 0 1 2 1
0 0 2 3 0 2 3 1
0 4 5 1 4 5 1 1
0 4 1 0 4 1 0 1
0 6 7 8 6 7 8 1
0 7 9 10 7 9 10 1
0 9 11 12 9 11 12 1
0 12 10 9 12 10 9 1
0 13 12 11 13 12 11 1
0 13 10 12 13 10 12 1
0 14 15 6 14 15 6 1
0 16 17 18 16 17 18 1
0 19 18 17 19 18 17 1
0 20 6 15 20 6 15 1
0 21 22 23 21 22 23 1
0 24 21 25 24 21 25 1
0 26 27 28 26 27 28 1
0 29 27 30 29 27 30 1
0 31 32 33 31 32 33 1
0 33 32 34 33 32 34 1
0 33 34 35 33 34 35 1
0 35 34 36 35 34 36 1
0 37 33 38 37 33 38 1
0 38 33 35 38 33 35 1
0 38 35 39 38 35 39 1
0 39 35 40 39 35 40 1
0 41 38 42 41 38 42 1
0 42 38 39 42 38 39 1
0 42 39 43 42 39 43 1
0 43 39 44 43 39 44 1
0 45 46 47 45 46 47 1
0 45 48 49 45 48 49 1
0 50 51 52 50 51 52 1
0 53 54 55 53 54 55 1
0 53 55 56 53 55 56 1
0 56 55 57 56 55 57 1
0 58 54 53 58 54 53 1
0 59 53 56 59 53 56 1
0 59 56 60 59 56 60 1
0 60 56 61 60 56 61 1
0 62 53 59 62 53 59 1
0 63 59 60 63 59 60 1
0 63 60 64 63 60 64 1
0 64 60 65 64 60 65 1
0 66 59 63 66 59 63 1
0 67 68 69 67 68 69 1
0 67 69 70 67 69 70 1
0 71 68 67 71 68 67 1
0 70 69 72 70 69 72 1
0 73 67 70 73 67 70 1
0 73 70 74 73 70 74 1
0 75 67 73 75 67 73 1
0 74 70 76 74 70 76 1
0 77 73 74 77 73 74 1
0 77 74 78 77 74 78 1
0 79 73 77 79 73 77 1
0 78 74 80 78 74 80 1
0 81 82 83 81 82 83 1
0 83 82 84 83 82 84 1
0 83 84 85 83 84 85 1
0 85 84 86 85 84 86 1
0 87 83 88 87 83 88 1
0 88 83 85 88 83 85 1
0 88 85 89 88 85 89 1
0 89 85 90 89 85 90 1
0 91 88 92 91 88 92 1
0 92 88 89 92 88 89 1
0 92 89 93 92 89 93 1
0 93 89 94 93 89 94 1
0 21 23 25 21 23 25 1
0 49 46 45 49 46 45 1
0 50 52 95 50 52 95 1
0 52 51 96 52 51 96 1
0 27 26 30 27 26 30 1
0 97 11 9 97 11 9 1
0 14 6 98 14 6 98 1
0 98 6 17 98 6 17 1
0 17 16 98 17 16 98 1
"FRHand" 0 0
98
0 12.15016174316406 34.99530029296875 -0.5673390030860901 0.2407930046319962 0.8287689983844757 28
0 10.93941020965576 38.29373168945312 1.626893997192383 0.2883960008621216 0.7572109997272491 27
0 11.41564273834229 38.68257522583008 0.1710470020771027 0.2568120062351227 0.7487750053405762 27
0 11.75705337524414 37.18026351928711 -0.4678870141506195 0.2429500073194504 0.7813670039176941 28
0 12.30118274688721 38.81353378295898 0.1957460045814514 0.247627004981041 0.7452229857444763 27
0 13.06263446807861 36.9279899597168 -0.4061799943447113 0.2490320056676865 0.7884999960660934 28
0 12.44376277923584 35.00785446166992 2.61355996131897 0.3090899884700775 0.821383997797966 28
0 11.53556728363037 38.54800033569336 2.654386043548584 0.3106870055198669 0.7516950070858002 27
0 13.76056289672852 35.19629287719727 2.572635889053345 0.3236140012741089 0.8227490037679672 28
0 12.5491886138916 38.63533782958984 2.558058023452759 0.3247199952602386 0.748852014541626 27
0 13.15567779541016 35.89934158325195 -1.723163962364197 0.215718001127243 0.8091560006141663 43
0 13.06263446807861 36.9279899597168 -0.4061799943447113 0.2490320056676865 0.7884999960660934 28
0 13.15567779541016 35.51347351074219 -0.5985050201416016 0.2394050061702728 0.8208470046520233 43
0 12.61513710021973 36.04721069335938 -1.647820949554443 0.2088170051574707 0.7988359928131104 43
0 12.61513710021973 35.51006698608398 -0.9508559703826904 0.2289160043001175 0.8133340030908585 43
0 12.10636520385742 35.87154388427734 -0.5734670162200928 0.2371030002832413 0.8069140017032623 43
0 12.61513710021973 34.24970626831055 -2.108705043792725 0.1981060057878494 0.8349860012531281 44
0 12.61513710021973 34.36359786987305 -1.511540055274963 0.2191230058670044 0.8370209932327271 44
0 13.15567779541016 34.21572494506836 -1.586877942085266 0.2186740040779114 0.8456819951534271 44
0 11.75705337524414 37.18026351928711 -0.4678870141506195 0.2429500073194504 0.7813670039176941 28
0 12.15016174316406 34.99530029296875 -0.5673390030860901 0.2407930046319962 0.8287689983844757 28
0 13.6701774597168 35.15450286865234 -0.5361739993095398 0.2310360074043274 0.8355109989643097 28
0 12.46875 34.09974670410156 0.3597530126571655 0.2609060108661652 0.8481979966163635 39
0 12.46875 34.18082427978516 -0.4983550012111664 0.2422890067100525 0.846439003944397 39
0 12.46875 34.51476287841797 2.567652940750122 0.308804988861084 0.8391939997673035 28
0 12.44376277923584 35.00785446166992 2.61355996131897 0.3090899884700775 0.821383997797966 28
0 12.46875 34.2751579284668 1.877684950828552 0.2938370108604431 0.8443920016288757 28
0 13.76056289672852 35.19629287719727 2.572635889053345 0.3236140012741089 0.8227490037679672 28
0 12.53979587554932 32.73382568359375 0.2535519897937775 0.2329950034618378 0.8958510011434555 40
0 12.46875 34.09974670410156 0.3597530126571655 0.2352990061044693 0.8662170022726059 39
0 12.46875 34.18082427978516 -0.4983550012111664 0.2166830003261566 0.8644589930772781 39
0 12.53979587554932 32.86941528320312 -0.5276479721069336 0.216047003865242 0.8929089978337288 40
0 13.625 34.12937545776367 -0.4322519898414612 0.2072100043296814 0.8636779934167862 39
0 13.55395412445068 32.71563720703125 0.1637589931488037 0.2417169958353043 0.8969570025801659 40
0 12.59045219421387 31.2192497253418 0.1327600032091141 0.2303739935159683 0.9287090003490448 41
0 12.59045219421387 31.35312080383301 -0.6193130016326904 0.2140579968690872 0.9258039966225624 41
0 13.55395412445068 32.81410980224609 -0.4706070125102997 0.2063779979944229 0.8912639990448952 40
0 13.50329780578613 31.20082664489746 0.04622400179505348 0.2401150017976761 0.9293449968099594 41
0 12.62809181213379 29.96647644042969 -0.01275200024247169 0.2272180020809174 0.9558870010077953 41
0 12.62809181213379 30.09330177307129 -0.6514880061149597 0.213359996676445 0.9531360007822514 41
0 13.50329780578613 31.29774856567383 -0.5645310282707214 0.2045769989490509 0.9241600036621094 41
0 13.46565818786621 29.94684982299805 -0.08662799745798111 0.2369959950447083 0.9563129991292953 41
0 12.61038970947266 30.23340797424316 1.715136051177979 0.2943409979343414 0.9529410004615784 33
0 13.04233646392822 29.98307800292969 2.126260042190552 0.3032599985599518 0.9583720006048679 33
0 12.61811447143555 30.40157127380371 2.412117958068848 0.3094620108604431 0.9492929987609386 33
0 13.5473108291626 32.67375564575195 1.253144025802612 0.2793389856815338 0.8995250016450882 36
0 12.45833396911621 34.10007476806641 1.070220947265625 0.2682580053806305 0.8685819953680038 35
0 12.53669738769531 32.64817428588867 1.177842020988464 0.2705920040607452 0.9000800028443336 36
0 12.46875 34.09974670410156 0.3597530126571655 0.2528440058231354 0.868588998913765 39
0 12.54574871063232 32.64780807495117 0.559224009513855 0.2571719884872437 0.9000879973173141 36
0 13.625 34.07532501220703 0.2636939883232117 0.2448329925537109 0.8681699931621552 39
0 13.49550819396973 31.16456604003906 1.218067049980164 0.2790519893169403 0.9341629967093468 37
0 12.58896636962891 31.13857650756836 1.145856976509094 0.269897997379303 0.9328299984335899 37
0 12.59707927703857 31.13821029663086 0.5526229739189148 0.2570289969444275 0.932838000357151 37
0 13.5473108291626 32.62344741821289 0.4755800068378448 0.2487179934978485 0.8989569991827011 36
0 13.45130825042725 29.93339729309082 1.20658004283905 0.2780919969081879 0.9596869982779026 37
0 12.63356304168701 29.90778160095215 1.138478994369507 0.2697379887104034 0.9595320001244545 37
0 12.6408805847168 29.90741539001465 0.5790129899978638 0.2576009929180145 0.9595399983227253 37
0 13.49550819396973 31.11344146728516 0.4724110066890717 0.2481749951839447 0.9326639994978905 37
0 12.55704689025879 32.64574813842773 1.393969058990479 0.2873730063438416 0.9006059989333153 32
0 12.45833396911621 34.10007476806641 1.070220947265625 0.280349999666214 0.8690550029277802 35
0 13.62500095367432 34.12572479248047 1.156759977340698 0.2725059986114502 0.8689730018377304 35
0 13.52714061737061 32.78408432006836 2.017143964767456 0.3132219910621643 0.8945230022072792 32
0 12.46875 34.2751579284668 1.877684950828552 0.297868013381958 0.8652569949626923 28
0 12.56572723388672 32.80654525756836 2.129251003265381 0.3033249974250793 0.8971180021762848 32
0 12.59428119659424 31.35543251037598 1.571953058242798 0.2912349998950958 0.9285989999771118 37
0 13.52714061737061 32.66930770874023 1.47272801399231 0.2803089916706085 0.9019920006394386 32
0 13.49023723602295 31.50646209716797 2.23406195640564 0.3160319924354553 0.922715000808239 33
0 12.602294921875 31.52947807312012 2.345354080200195 0.308012992143631 0.9248230010271072 30
0 12.61038970947266 30.23340797424316 1.715136051177979 0.2943409979343414 0.9529410004615784 33
0 13.49023723602295 31.37959289550781 1.650140047073364 0.2836839854717255 0.9294980019330978 37
0 13.47428226470947 30.37936210632324 2.311820983886719 0.3172439932823181 0.9495379999279976 33
0 12.61811447143555 30.40157127380371 2.412117958068848 0.3094620108604431 0.9492929987609386 33
0 12.61594867706299 33.10461044311523 3.009053945541382 0.3416169881820679 0.8811680004000664 29
0 12.46875 34.51476287841797 2.567652940750122 0.3320409953594208 0.8505750000476837 28
0 12.46875 34.2751579284668 1.877684950828552 0.3170729875564575 0.855773001909256 28
0 12.61594867706299 32.89611434936523 2.413055896759033 0.3286870121955872 0.8856910020112991 29
0 13.625 34.25074005126953 1.754598021507263 0.3079999983310699 0.8593849986791611 28
0 13.47780132293701 33.0833854675293 2.949421882629395 0.3538379967212677 0.8790199980139732 29
0 12.65755844116211 31.82164192199707 3.309545040130615 0.3481360077857971 0.909001000225544 30
0 12.65755844116211 31.61836433410645 2.751979112625122 0.3360399901866913 0.9134109988808632 30
0 13.47780132293701 32.8748893737793 2.306711912155151 0.3204520046710968 0.8901820033788681 29
0 13.43619155883789 31.80093193054199 3.253761053085327 0.3583070039749146 0.9068420007824898 30
0 12.69128704071045 30.69205856323242 3.567662000656128 0.353736013174057 0.93350700289011 30
0 12.69128704071045 30.47962188720703 3.046485900878906 0.3424290120601654 0.9381159991025925 30
0 13.43619155883789 31.59766006469727 2.652491092681885 0.3262940049171448 0.9171800017356873 30
0 13.40246295928955 30.67045974731445 3.515516996383667 0.361378014087677 0.9311299994587898 30
0 12.62809181213379 29.96647644042969 -0.01275200024247169 0.2272180020809174 0.9558870010077953 41
0 12.62809181213379 30.09330177307129 -0.6514880061149597 0.213359996676445 0.9531360007822514 41
0 13.046875 29.77935218811035 -0.3541789948940277 0.2198099941015244 0.9599470011889935 41
0 12.63356304168701 29.90778160095215 1.138478994369507 0.2697379887104034 0.9595320001244545 37
0 12.6408805847168 29.90741539001465 0.5790129899978638 0.2576009929180145 0.9595399983227253 37
0 13.04243564605713 29.59464836120605 0.8735550045967102 0.2639909982681274 0.9663249999284744 37
0 13.046875 30.28932571411133 3.4184730052948 0.3504990041255951 0.9422440007328987 30
0 12.69128704071045 30.69205856323242 3.567662000656128 0.353736013174057 0.93350700289011 30
0 12.69128704071045 30.47962188720703 3.046485900878906 0.3424290120601654 0.9381159991025925 30
0 13.15567779541016 35.36221694946289 -1.026190042495728 0.2306009978055954 0.8241280019283295 44
0 12.45833396911621 34.10007476806641 1.070220947265625 0.2763189971446991 0.8481909930706024 35
98
-0.9642040133476257 -0.2326499968767166 -0.1272159963846207
-0.9609590172767639 -0.2765170037746429 0.009832999669015408
-0.5931689739227295 -0.07323300093412399 -0.8017399907112122
-0.4008339941501617 0.2484869956970215 -0.8818089962005615
0.3702740073204041 0.2008329927921295 -0.906952977180481
0.5310119986534119 0.3957700133323669 -0.7492610216140747
-0.702256977558136 -0.2527090013027191 0.6655619740486145
-0.4210009872913361 -0.1507569998502731 0.8944439888000488
0.4709309935569763 0.1612579971551895 0.8673059940338135
0.6805040240287781 0.08118999749422073 0.7282320261001587
0.7240819931030273 0.3249959945678711 -0.6083440184593201
0.4797349870204926 0.5553719997406006 -0.6792770028114319
0.5741230249404907 -0.2459290027618408 -0.7809619903564453
-0.5870789885520935 0.2634750008583069 -0.7654539942741394
-0.8070859909057617 -0.5095800161361694 0.2982310056686401
-0.6123049855232239 -0.6282129883766174 -0.4800319969654083
-0.7768509984016418 -0.4214990139007568 -0.4678040146827698
-0.4136979877948761 -0.6187459826469421 0.6678379774093628
0.1962009966373444 -0.8636929988861084 0.464262992143631
-0.4611920118331909 0.236624002456665 -0.8551669716835022
-0.6204509735107422 -0.2172629982233047 -0.7535499930381775
0.6403570175170898 -0.06337100267410278 -0.7654590010643005
-0.9337409734725952 -0.357136994600296 -0.02411399967968464
-0.3755159974098206 -0.2400739938020706 -0.8951830267906189
-0.4059320092201233 -0.1164600029587746 0.906453013420105
-0.9266200065612793 -0.1180009990930557 0.3570019900798798
-0.998179018497467 -0.05615999922156334 0.02202400006353855
0.816756010055542 -0.176595002412796 0.5492939949035645
-0.6753510236740112 -0.0908069983124733 0.7318850159645081
-0.9389830231666565 -0.1455570012331009 0.3116480112075806
-0.885886013507843 -0.03655299916863441 -0.4624600112438202
-0.6835929751396179 -0.001510999980382621 -0.7298610210418701
0.4866690039634705 -0.001037999987602234 -0.8735859990119934
0.7369670271873474 -0.07878900319337845 0.6713209748268127
-0.6752129793167114 -0.09687100350856781 0.7312350273132324
-0.6832129955291748 0.01382699981331825 -0.7300879955291748
0.7261750102043152 0.002129999920725822 -0.6875069737434387
0.7388269901275635 -0.0804160013794899 0.6690800189971924
-0.8875319957733154 -0.07954899966716766 0.4538269937038422
-0.4028849899768829 0.01295599993318319 -0.9151589870452881
0.7266169786453247 0.004989999812096357 -0.6870250105857849
0.5086320042610168 -0.1079349964857101 0.8541920185089111
-0.3223589956760406 -0.9202960133552551 -0.2216760069131851
0.0540819987654686 -0.9726750254631042 0.2257860004901886
-0.3091660141944885 -0.7298570275306702 0.6096929907798767
0.6793789863586426 -0.0006859999848529696 0.7337870001792908
-0.9431340098381042 -0.07697799801826477 0.3233759999275208
-0.7381500005722046 -0.02725500054657459 0.6740859746932983
-0.9389830231666565 -0.1455570012331009 0.3116480112075806
-0.7305200099945068 -0.09012000262737274 -0.6769189834594727
0.9336739778518677 -0.1654919981956482 -0.3175950050354004
0.6776639819145203 -0.03846799954771996 0.7343649864196777
-0.7390900254249573 -0.03277299925684929 0.6728090047836304
-0.7322859764099121 -0.02780500054359436 -0.6804289817810059
0.6763190031051636 -0.06746499985456467 -0.7335119843482971
0.3867819905281067 -0.02370700053870678 0.9218659996986389
-0.9058539867401123 -0.03522799909114838 0.422122985124588
-0.5078279972076416 -0.03524300083518028 -0.8607370257377625
0.6745499968528748 -0.0360179990530014 -0.7373499870300293
-0.6816989779472351 -0.1675589978694916 -0.7121869921684265
-0.9431340098381042 -0.07697799801826477 0.3233759999275208
0.9444779753684998 -0.1620540022850037 -0.2858330011367798
0.7454569935798645 0.08624400198459625 0.6609500050544739
-0.9271950125694275 -0.08885599672794342 0.3638879954814911
-0.6564580202102661 0.08928900212049484 0.7490599751472473
-0.6797450184822083 -0.1115970015525818 -0.7249090075492859
0.7368800044059753 -0.1460759937763214 -0.660053014755249
0.7492550015449524 0.07621700316667557 0.6578810214996338
-0.6572200059890747 0.05759900063276291 0.7514950037002563
-0.3851230144500732 -0.1201950013637543 -0.9150050282478333
0.7379720211029053 -0.1024840027093887 -0.6670039892196655
0.5303599834442139 0.04815800115466118 0.8464030027389526
-0.8793209791183472 0.01613700017333031 0.4759570062160492
-0.6761350035667419 0.1332419961690903 0.7246289849281311
-0.39444899559021 0.2341389954090118 0.888588011264801
-0.9271950125694275 -0.08885599672794342 0.3638879954814911
-0.7470470070838928 -0.2542209923267365 -0.6142410039901733
0.9307739734649658 -0.2537420094013214 -0.2632020115852356
0.7298060059547424 0.1542859971523285 0.6660169959068298
-0.6778770089149475 0.1443260014057159 0.7208700180053711
-0.7516180276870728 -0.1887589991092682 -0.6320130228996277
0.6595460176467896 -0.275173008441925 -0.6994850039482117
0.73164302110672 0.1353009939193726 0.6681259870529175
-0.8857359886169434 0.07836300134658813 0.4575270116329193
-0.5375940203666687 -0.2249819934368134 -0.8126350045204163
0.6597269773483276 -0.213471993803978 -0.7205489873886108
0.4998289942741394 0.1819020062685013 0.8468080163002014
-0.27046999335289 -0.9445989727973938 0.1859519928693771
-0.2807349860668182 -0.8303400278091431 -0.4813770055770874
-0.01326999999582767 -0.9865729808807373 -0.1627790033817291
-0.3694289922714233 -0.8322010040283203 0.4134779870510101
-0.3839859962463379 -0.8445209860801697 -0.3732810020446777
-0.04221000149846077 -0.9983519911766052 0.0388760007917881
-0.004253000020980835 -0.9205499887466431 0.3906010091304779
-0.3566980063915253 -0.5848209857940674 0.7285270094871521
-0.4192520081996918 -0.9057120084762573 -0.062561996281147
0.5675600171089172 -0.5691980123519897 0.594884991645813
-0.9802979826927185 -0.1944369971752167 0.03480000048875809
82
0 0 1 2 0 1 2 1
0 0 2 3 0 2 3 1
0 3 2 4 3 2 4 1
0 3 4 5 3 4 5 1
0 6 7 1 6 7 1 1
0 6 1 0 6 1 0 1
0 8 9 7 8 9 7 1
0 8 7 6 8 7 6 1
0 10 11 12 10 11 12 1
0 13 14 15 13 14 15 1
0 16 17 14 16 17 14 1
0 14 13 16 14 13 16 1
0 16 18 17 16 18 17 1
0 16 13 10 16 13 10 1
0 13 11 10 13 11 10 1
0 13 19 11 13 19 11 1
0 19 13 15 19 13 15 1
0 19 15 20 19 15 20 1
0 20 15 12 20 15 12 1
0 20 12 21 20 12 21 1
0 22 20 23 22 20 23 1
0 24 25 26 24 25 26 1
0 27 25 24 27 25 24 1
0 23 20 21 23 20 21 1
0 28 29 30 28 29 30 1
0 28 30 31 28 30 31 1
0 31 30 32 31 30 32 1
0 33 29 28 33 29 28 1
0 34 28 31 34 28 31 1
0 34 31 35 34 31 35 1
0 35 31 36 35 31 36 1
0 37 28 34 37 28 34 1
0 38 34 35 38 34 35 1
0 38 35 39 38 35 39 1
0 39 35 40 39 35 40 1
0 41 34 38 41 34 38 1
0 42 43 44 42 43 44 1
0 45 46 47 45 46 47 1
0 47 46 48 47 46 48 1
0 47 48 49 47 48 49 1
0 49 48 50 49 48 50 1
0 51 47 52 51 47 52 1
0 52 47 49 52 47 49 1
0 52 49 53 52 49 53 1
0 53 49 54 53 49 54 1
0 55 52 56 55 52 56 1
0 56 52 53 56 52 53 1
0 56 53 57 56 53 57 1
0 57 53 58 57 53 58 1
0 59 60 61 59 60 61 1
0 62 63 64 62 63 64 1
0 64 63 60 64 63 60 1
0 64 60 59 64 60 59 1
0 65 59 66 65 59 66 1
0 67 64 68 67 64 68 1
0 68 64 59 68 64 59 1
0 68 59 65 68 59 65 1
0 69 65 70 69 65 70 1
0 71 68 72 71 68 72 1
0 72 68 65 72 68 65 1
0 72 65 69 72 65 69 1
0 73 74 75 73 74 75 1
0 73 75 76 73 75 76 1
0 76 75 77 76 75 77 1
0 78 74 73 78 74 73 1
0 79 73 76 79 73 76 1
0 79 76 80 79 76 80 1
0 80 76 81 80 76 81 1
0 82 73 79 82 73 79 1
0 83 79 80 83 79 80 1
0 83 80 84 83 80 84 1
0 84 80 85 84 80 85 1
0 86 79 83 86 79 83 1
0 87 88 89 87 88 89 1
0 90 91 92 90 91 92 1
0 93 94 95 93 94 95 1
0 15 14 96 15 14 96 1
0 15 96 12 15 96 12 1
0 96 14 17 96 14 17 1
0 97 20 22 97 20 22 1
0 97 25 20 97 25 20 1
0 97 26 25 97 26 25 1
"BLHand" 0 0
95
0 -12.99363136291504 38.63533782958984 2.558058023452759 0.304733008146286 0.5149669945240021 7
0 -13.34560203552246 39.08943557739258 0.8242059946060181 0.2682110071182251 0.505401998758316 7
0 -14.11462211608887 35.15450286865234 -0.5361739993095398 0.2395559996366501 0.5882880091667175 8
0 -14.20500755310059 35.19629287719727 2.572635889053345 0.3050400018692017 0.5874080061912537 8
0 -12.74562454223633 38.81353378295898 0.1957460045814514 0.2549729943275452 0.5112130045890808 7
0 -13.50707626342773 36.9279899597168 -0.4061799943447113 0.2422939985990524 0.5509310066699982 23
0 -11.98000717163086 38.54800033569336 2.654386043548584 0.3190909922122955 0.5194149911403656 7
0 -13.50707626342773 36.9279899597168 -0.4061799943447113 0.2422939985990524 0.5509310066699982 23
0 -13.60012054443359 35.51347351074219 -0.5985050201416016 0.2365829944610596 0.5809639990329742 23
0 -14.11462211608887 35.15450286865234 -0.5361739993095398 0.2395559996366501 0.5882880091667175 8
0 -13.60012054443359 35.89934158325195 -1.723163962364197 0.2145529985427856 0.5725989937782288 23
0 -13.60012054443359 35.36221694946289 -1.026190042495728 0.2292339950799942 0.5839129984378815 24
0 -13.60012054443359 34.10185241699219 -2.184037923812866 0.2048449963331223 0.6104609966278076 24
0 -13.05957984924316 34.24970626831055 -2.108705043792725 0.194812998175621 0.6030789911746979 24
0 -13.05957984924316 36.04721069335938 -1.647820949554443 0.2116349935531616 0.5609480142593384 23
0 -12.59460353851318 34.99530029296875 -0.5673390030860901 0.2362910062074661 0.591403990983963 23
0 -14.06944465637207 34.12937545776367 -0.4322519898414612 0.2417449951171875 0.6098810136318207 19
0 -14.06944465637207 34.07532501220703 0.2636939883232117 0.2564040124416351 0.6110199987888336 19
0 -14.06944465637207 34.49034118652344 2.49862003326416 0.3034810125827789 0.6022779941558838 9
0 -14.20500755310059 35.19629287719727 2.572635889053345 0.3050400018692017 0.5874080061912537 8
0 -14.06944465637207 34.25074005126953 1.754598021507263 0.2878090143203735 0.6073249876499176 12
0 -12.91319274902344 34.51476287841797 2.567652940750122 0.3132340013980865 0.5989179909229279 9
0 -12.91319274902344 34.18082427978516 -0.4983550012111664 0.2344249933958054 0.6083239912986755 19
0 -13.9983959197998 32.81410980224609 -0.4706070125102997 0.2269479930400848 0.653234988451004 20
0 -14.06944465637207 34.12937545776367 -0.4322519898414612 0.22775499522686 0.6255300045013428 19
0 -12.98423767089844 32.86941528320312 -0.5276479721069336 0.2174469977617264 0.6525439918041229 20
0 -14.06944465637207 34.07532501220703 0.2636939883232117 0.2424149960279465 0.6266689896583557 19
0 -13.9983959197998 32.71563720703125 0.1637589931488037 0.2403099983930588 0.6553089916706085 20
0 -12.91319274902344 34.09974670410156 0.3597530126571655 0.2491810023784637 0.6268660128116608 19
0 -13.94774055480957 31.29774856567383 -0.5645310282707214 0.2249689996242523 0.6851760149002075 21
0 -13.0348949432373 31.35312080383301 -0.6193130016326904 0.2152799963951111 0.6835359930992126 21
0 -13.94774055480957 31.20082664489746 0.04622400179505348 0.2378340065479279 0.6872180104255676 21
0 -12.98423767089844 32.73382568359375 0.2535519897937775 0.2486030012369156 0.6558749973773956 20
0 -13.91010093688965 30.03801155090332 -0.6054670214653015 0.2241069972515106 0.7117109894752502 21
0 -13.07253456115723 30.09330177307129 -0.6514880061149597 0.2148389965295792 0.7103100121021271 21
0 -13.91010093688965 29.94684982299805 -0.08662799745798111 0.2350360006093979 0.7136319875717163 21
0 -13.0348949432373 31.2192497253418 0.1327600032091141 0.2472449988126755 0.6882520020008087 21
0 -13.48677825927734 29.98307800292969 2.126260042190552 0.3103379905223846 0.7114459872245789 13
0 -13.91872406005859 30.37936210632324 2.311820983886719 0.3142459988594055 0.7030990123748779 13
0 -13.91872406005859 30.2567253112793 1.785596013069153 0.303162008523941 0.7056820094585419 13
0 -14.06944465637207 34.12572479248047 1.156759977340698 0.2742669880390167 0.6267920136451721 15
0 -14.06944465637207 34.07532501220703 0.2636939883232117 0.2554560005664825 0.6278539896011353 19
0 -13.99175262451172 32.62344741821289 0.4755800068378448 0.2599189877510071 0.6584370136260986 16
0 -13.99175262451172 32.67375564575195 1.253144025802612 0.2762979865074158 0.6573770046234131 16
0 -12.90277671813965 34.10007476806641 1.070220947265625 0.2812170088291168 0.6259100139141083 15
0 -12.99019145965576 32.64780807495117 0.559224009513855 0.2512480020523071 0.6586349904537201 16
0 -13.93995094299316 31.11344146728516 0.4724110066890717 0.2598519921302795 0.6902439892292023 17
0 -13.93995094299316 31.16456604003906 1.218067049980164 0.2755590081214905 0.6891669929027557 17
0 -12.98114013671875 32.64817428588867 1.177842020988464 0.2830100059509277 0.6572049856185913 16
0 -13.0415210723877 31.13821029663086 0.5526229739189148 0.2513459920883179 0.6904340088367462 17
0 -13.89575004577637 29.88302040100098 0.503367006778717 0.2605040073394775 0.7161619961261749 17
0 -13.89575004577637 29.93339729309082 1.20658004283905 0.2753170132637024 0.7151010036468506 17
0 -13.03340911865234 31.13857650756836 1.145856976509094 0.2842330038547516 0.688291996717453 17
0 -13.08532333374023 29.90741539001465 0.5790129899978638 0.2514280080795288 0.7168340086936951 17
0 -14.06944465637207 34.25074005126953 1.754598021507263 0.3025090098381042 0.6215510070323944 12
0 -14.06944465637207 34.12572479248047 1.156759977340698 0.2899160087108612 0.6241840124130249 15
0 -13.97158241271973 32.66930770874023 1.47272801399231 0.2965719997882843 0.6548629999160767 12
0 -13.97158241271973 32.78408432006836 2.017143964767456 0.3080390095710754 0.652444988489151 12
0 -13.00148963928223 32.64574813842773 1.393969058990479 0.2885110080242157 0.6567820012569427 12
0 -12.91319274902344 34.2751579284668 1.877684950828552 0.3100810050964355 0.6203249990940094 12
0 -13.93467903137207 31.37959289550781 1.650140047073364 0.3003090023994446 0.6820299923419952 16
0 -13.93467903137207 31.50646209716797 2.23406195640564 0.3126089870929718 0.6793569922447205 13
0 -13.03872299194336 31.35543251037598 1.571953058242798 0.2920230031013489 0.6834869980812073 16
0 -13.01016998291016 32.80654525756836 2.129251003265381 0.3168030083179474 0.6505489945411682 12
0 -13.91872406005859 30.2567253112793 1.785596013069153 0.303162008523941 0.7056820094585419 13
0 -13.91872406005859 30.37936210632324 2.311820983886719 0.3142459988594055 0.7030990123748779 13
0 -13.05483245849609 30.23340797424316 1.715136051177979 0.2950389981269836 0.7083069980144501 13
0 -13.04673767089844 31.52947807312012 2.345354080200195 0.3223029971122742 0.6769750118255615 13
0 -13.92224311828613 32.8748893737793 2.306711912155151 0.3333440124988556 0.649821013212204 9
0 -14.06944465637207 34.25074005126953 1.754598021507263 0.3217140138149261 0.6208400130271912 12
0 -13.06039047241211 32.89611434936523 2.413055896759033 0.3232550024986267 0.6522189974784851 9
0 -14.06944465637207 34.49034118652344 2.49862003326416 0.3373860120773315 0.615792989730835 9
0 -13.92224311828613 33.0833854675293 2.949421882629395 0.3468819856643677 0.6454289853572845 9
0 -12.91319274902344 34.51476287841797 2.567652940750122 0.3452419936656952 0.6131440103054047 9
0 -13.88063430786133 31.59766006469727 2.652491092681885 0.3406279981136322 0.6767250001430511 10
0 -13.10200119018555 31.61836433410645 2.751979112625122 0.3334760069847107 0.6791340112686157 10
0 -13.88063430786133 31.80093193054199 3.253761053085327 0.3532930016517639 0.6724430024623871 10
0 -13.06039047241211 33.10461044311523 3.009053945541382 0.3531169891357422 0.6435590088367462 9
0 -13.84690475463867 30.45802307128906 2.953493118286133 0.3469679951667786 0.7007299959659576 10
0 -13.13572883605957 30.47962188720703 3.046485900878906 0.3384940028190613 0.7031210064888 10
0 -13.84690475463867 30.67045974731445 3.515516996383667 0.3588060140609741 0.696256011724472 10
0 -13.10200119018555 31.82164192199707 3.309545040130615 0.3632409870624542 0.6698729991912842 10
0 -13.91010093688965 29.94684982299805 -0.08662799745798111 0.2350360006093979 0.7136319875717163 21
0 -13.91010093688965 30.03801155090332 -0.6054670214653015 0.2241069972515106 0.7117109894752502 21
0 -13.49131774902344 29.77935218811035 -0.3541789948940277 0.2293999940156937 0.719294011592865 21
0 -13.48687744140625 29.59464836120605 0.8735550045967102 0.2683019936084747 0.7222360074520111 17
0 -13.89575004577637 29.93339729309082 1.20658004283905 0.2753170132637024 0.7151010036468506 17
0 -13.89575004577637 29.88302040100098 0.503367006778717 0.2605040073394775 0.7161619961261749 17
0 -13.84690475463867 30.67045974731445 3.515516996383667 0.3588060140609741 0.696256011724472 10
0 -13.84690475463867 30.45802307128906 2.953493118286133 0.3469679951667786 0.7007299959659576 10
0 -13.49131774902344 30.28932571411133 3.4184730052948 0.3567619919776917 0.7042840123176575 10
0 -12.55080795288086 35.87154388427734 -0.5734670162200928 0.2335540056228638 0.5907289981842041 23
0 -13.60012054443359 34.21572494506836 -1.586877942085266 0.2174230068922043 0.6080630123615265 24
0 -13.05957984924316 34.36359786987305 -1.511540055274963 0.2261240035295486 0.6108750104904175 24
0 -14.06944465637207 34.12572479248047 1.156759977340698 0.2752160131931305 0.6099579930305481 15
95
-0.6805040240287781 0.08118999749422073 0.7282320261001587
-0.9550899863243103 0.1965789943933487 -0.2217179983854294
-0.9596790075302124 0.2663789987564087 -0.08976700156927109
-0.4709309935569763 0.1612589955329895 0.8673059940338135
-0.3702740073204041 0.2008329927921295 -0.906952977180481
-0.5310119986534119 0.3957700133323669 -0.7492610216140747
0.4267869889736176 -0.1496600061655045 0.8918830156326294
-0.4797340035438538 0.5553719997406006 -0.6792770028114319
-0.5741230249404907 -0.2459290027618408 -0.7809619903564453
-0.6403570175170898 -0.06337100267410278 -0.7654590010643005
-0.7240819931030273 0.3249959945678711 -0.6083449721336365
-0.5675600171089172 -0.5691980123519897 0.594884991645813
-0.8491039872169495 -0.3535830080509186 -0.3924309909343719
0.7768509984016418 -0.4214990139007568 -0.4678040146827698
0.5870789885520935 0.2634750008583069 -0.7654539942741394
0.6204509735107422 -0.2172629982233047 -0.7535499930381775
-0.7219259738922119 -0.1012089997529984 -0.6845279932022095
-0.9991059899330139 -0.04226300120353699 -0.000590000010561198
-0.6858720183372498 -0.2049179971218109 0.6982750296592712
-0.816756010055542 -0.176595002412796 0.5492939949035645
-0.9817889928817749 -0.1834509968757629 0.04934800043702126
0.4059320092201233 -0.1164610013365746 0.9064520001411438
0.3755159974098206 -0.2400739938020706 -0.8951830267906189
-0.7261750102043152 0.002128999913111329 -0.6875069737434387
-0.4866690039634705 -0.001038999995216727 -0.8735859990119934
0.6835929751396179 -0.001510999980382621 -0.7298610210418701
-0.9336730241775513 -0.1654939949512482 -0.3175939917564392
-0.7369670271873474 -0.07878900319337845 0.6713209748268127
0.9389830231666565 -0.1455570012331009 0.3116489946842194
-0.7266169786453247 0.004989999812096357 -0.6870250105857849
0.6832129955291748 0.01382699981331825 -0.7300879955291748
-0.7388269901275635 -0.0804160013794899 0.6690800189971924
0.6753510236740112 -0.0908069983124733 0.7318850159645081
-0.8978559970855713 -0.01241900026798248 -0.4401150047779083
0.4028849899768829 0.01295599993318319 -0.9151589870452881
-0.5086320042610168 -0.1079349964857101 0.8541920185089111
0.6752129793167114 -0.09687100350856781 0.7312350273132324
-0.0540819987654686 -0.9726750254631042 0.2257860004901886
-0.3987840116024017 -0.7077370285987854 0.5831630229949951
-0.3907920122146606 -0.893293023109436 -0.2220560014247894
-0.9444770216941833 -0.1620559990406036 -0.2858330011367798
-0.9336730241775513 -0.1654939949512482 -0.3175939917564392
-0.6763190031051636 -0.06746599823236465 -0.7335119843482971
-0.6793789863586426 -0.0006859999848529696 0.7337870001792908
0.9431340098381042 -0.07697799801826477 0.3233759999275208
0.7305200099945068 -0.09011899679899216 -0.6769189834594727
-0.6745499968528748 -0.0360179990530014 -0.7373499870300293
-0.6776639819145203 -0.03846799954771996 0.7343649864196777
0.7381500005722046 -0.02725500054657459 0.6740859746932983
0.7322869896888733 -0.02780500054359436 -0.6804289817810059
-0.8864399790763855 -0.04346799850463867 -0.4607970118522644
-0.3867819905281067 -0.02370700053870678 0.9218659996986389
0.7390890121459961 -0.03277299925684929 0.6728100180625916
0.5078279972076416 -0.03524399921298027 -0.8607370257377625
-0.9307730197906494 -0.2537440061569214 -0.2632020115852356
-0.9444770216941833 -0.1620559990406036 -0.2858330011367798
-0.7368789911270142 -0.1460770070552826 -0.660053014755249
-0.7454569935798645 0.08624400198459625 0.6609510183334351
0.6816999912261963 -0.1675589978694916 -0.7121869921684265
0.9271950125694275 -0.08885599672794342 0.3638879954814911
-0.7379720211029053 -0.1024840027093887 -0.6670039892196655
-0.7492550015449524 0.07621700316667557 0.6578810214996338
0.6797450184822083 -0.1115970015525818 -0.7249079942703247
0.6564570069313049 0.08928900212049484 0.7490599751472473
-0.9025620222091675 -0.06423299759626389 -0.4257420003414154
-0.530360996723175 0.04815800115466118 0.8464030027389526
0.3851230144500732 -0.1201950013637543 -0.9150050282478333
0.6572200059890747 0.05759900063276291 0.7514950037002563
-0.6595460176467896 -0.275173008441925 -0.6994850039482117
-0.9307730197906494 -0.2537440061569214 -0.2632020115852356
0.7470470070838928 -0.2542209923267365 -0.6142410039901733
-0.8957229852676392 0.04795699939131737 0.442018985748291
-0.7298060059547424 0.1542859971523285 0.6660169959068298
0.39444899559021 0.2341389954090118 0.888588011264801
-0.6597269773483276 -0.213470995426178 -0.7205489873886108
0.7516180276870728 -0.1887589991092682 -0.6320130228996277
-0.73164302110672 0.1353009939193726 0.6681259870529175
0.6761350035667419 0.1332419961690903 0.7246289849281311
-0.8838549852371216 -0.1439799964427948 -0.4450510144233704
0.5375940203666687 -0.2249809950590134 -0.8126350045204163
-0.4998289942741394 0.1819009929895401 0.8468080163002014
0.6778770089149475 0.1443260014057159 0.7208700180053711
-0.2579030096530914 -0.9474170207977295 0.1894380003213882
-0.2398129999637604 -0.8477950096130371 -0.473004013299942
0.01326999999582767 -0.9865729808807373 -0.1627790033817291
0.04221000149846077 -0.9983519911766052 0.0388760007917881
-0.3230249881744385 -0.8324639797210693 0.4501760005950928
-0.3033669888973236 -0.8846510052680969 -0.3540639877319336
-0.4230709969997406 -0.5733600258827209 0.701619029045105
-0.3443720042705536 -0.9357410073280334 -0.07613900303840637
0.004251999780535698 -0.9205499887466431 0.3906010091304779
0.6123039722442627 -0.6282140016555786 -0.4800330102443695
-0.1962009966373444 -0.8636929988861084 0.464262992143631
0.4136979877948761 -0.6187459826469421 0.6678379774093628
-0.9949010014533997 -0.1007959991693497 0.003524000057950616
73
0 0 1 2 0 1 2 1
0 3 0 2 3 0 2 1
0 1 4 5 1 4 5 1
0 2 1 5 2 1 5 1
0 6 0 3 6 0 3 1
0 7 8 9 7 8 9 1
0 10 11 8 10 11 8 1
0 8 7 10 8 7 10 1
0 11 10 12 11 10 12 1
0 12 10 13 12 10 13 1
0 10 7 14 10 7 14 1
0 9 8 15 9 8 15 1
0 9 16 17 9 16 17 1
0 18 19 20 18 19 20 1
0 19 18 21 19 18 21 1
0 16 9 22 16 9 22 1
0 23 24 25 23 24 25 1
0 26 24 23 26 24 23 1
0 27 26 23 27 26 23 1
0 28 26 27 28 26 27 1
0 29 23 30 29 23 30 1
0 27 23 29 27 23 29 1
0 31 27 29 31 27 29 1
0 32 27 31 32 27 31 1
0 33 29 34 33 29 34 1
0 31 29 33 31 29 33 1
0 35 31 33 35 31 33 1
0 36 31 35 36 31 35 1
0 37 38 39 37 38 39 1
0 40 41 42 40 41 42 1
0 43 40 42 43 40 42 1
0 44 40 43 44 40 43 1
0 42 41 45 42 41 45 1
0 43 42 46 43 42 46 1
0 47 43 46 47 43 46 1
0 48 43 47 48 43 47 1
0 46 42 49 46 42 49 1
0 47 46 50 47 46 50 1
0 51 47 50 51 47 50 1
0 52 47 51 52 47 51 1
0 50 46 53 50 46 53 1
0 54 55 56 54 55 56 1
0 57 54 56 57 54 56 1
0 56 55 58 56 55 58 1
0 59 54 57 59 54 57 1
0 57 56 60 57 56 60 1
0 61 57 60 61 57 60 1
0 60 56 62 60 56 62 1
0 63 57 61 63 57 61 1
0 61 60 64 61 60 64 1
0 65 61 64 65 61 64 1
0 64 60 66 64 60 66 1
0 67 61 65 67 61 65 1
0 68 69 70 68 69 70 1
0 71 69 68 71 69 68 1
0 72 71 68 72 71 68 1
0 73 71 72 73 71 72 1
0 74 68 75 74 68 75 1
0 72 68 74 72 68 74 1
0 76 72 74 76 72 74 1
0 77 72 76 77 72 76 1
0 78 74 79 78 74 79 1
0 76 74 78 76 74 78 1
0 80 76 78 80 76 78 1
0 81 76 80 81 76 80 1
0 82 83 84 82 83 84 1
0 85 86 87 85 86 87 1
0 88 89 90 88 89 90 1
0 8 11 91 8 11 91 1
0 11 92 93 11 92 93 1
0 94 9 17 94 9 17 1
0 19 9 94 19 9 94 1
0 94 20 19 94 20 19 1
"FRHand" 0 0
106
0 -11.86008262634277 38.68257522583008 0.1710470020771027 0.1167170032858849 0.7474240064620972 7
0 -11.38385200500488 38.29373168945312 1.626893997192383 0.08513300120830536 0.7558600008487701 7
0 -12.59460353851318 34.99530029296875 -0.5673390030860901 0.1268080025911331 0.8257579952478409 23
0 -12.20149421691895 37.18026351928711 -0.4678870141506195 0.1305779963731766 0.7800160050392151 8
0 -12.74562454223633 38.81353378295898 0.1957460045814514 0.1161810010671616 0.7445830106735229 7
0 -13.50707626342773 36.9279899597168 -0.4061799943447113 0.1380120068788528 0.7724490016698837 23
0 -11.98000717163086 38.54800033569336 2.654386043548584 0.06284199655056 0.75034399330616 7
0 -12.88820457458496 35.00785446166992 2.61355996131897 0.0637269988656044 0.8271459937095642 8
0 -14.20500755310059 35.19629287719727 2.572635889053345 0.05228599905967712 0.8301710039377213 8
0 -13.60012054443359 34.10185241699219 -2.184037923812866 0.1780049949884415 0.8468009978532791 24
0 -13.60012054443359 34.21572494506836 -1.586877942085266 0.1650499999523163 0.8443309962749481 24
0 -13.60012054443359 35.36221694946289 -1.026190042495728 0.1564420014619827 0.8505180031061172 24
0 -12.55080795288086 35.87154388427734 -0.5734670162200928 0.1328680068254471 0.8084080070257187 23
0 -13.05957984924316 35.51006698608398 -0.9508559703826904 0.154570996761322 0.8141160011291504 23
0 -13.05957984924316 36.04721069335938 -1.647820949554443 0.1635269969701767 0.7991439998149872 23
0 -13.05957984924316 34.36359786987305 -1.511540055274963 0.1634149998426437 0.8411229997873306 24
0 -13.05957984924316 34.24970626831055 -2.108705043792725 0.1758960038423538 0.8305529952049255 24
0 -13.60012054443359 35.89934158325195 -1.723163962364197 0.1803359985351562 0.8087539970874786 23
0 -13.50707626342773 36.9279899597168 -0.4061799943447113 0.1380120068788528 0.7724490016698837 23
0 -12.20149421691895 37.18026351928711 -0.4678870141506195 0.1305779963731766 0.7800160050392151 8
0 -12.59460353851318 34.99530029296875 -0.5673390030860901 0.1268080025911331 0.8257579952478409 23
0 -13.60012054443359 35.51347351074219 -0.5985050201416016 0.1357830017805099 0.8230530023574829 23
0 -12.91319274902344 34.18082427978516 -0.4983550012111664 0.1312389969825745 0.845088005065918 19
0 -12.91319274902344 34.09974670410156 0.3597530126571655 0.1126229986548424 0.8468469977378845 19
0 -12.91319274902344 34.2751579284668 1.877684950828552 0.07969199866056442 0.8430410027503967 12
0 -12.88820457458496 35.00785446166992 2.61355996131897 0.0637269988656044 0.8271459937095642 8
0 -12.91319274902344 34.51476287841797 2.567652940750122 0.06472299993038177 0.8378430008888245 9
0 -14.20500755310059 35.19629287719727 2.572635889053345 0.05228599905967712 0.8301710039377213 8
0 -14.11462211608887 35.15450286865234 -0.5361739993095398 0.1415430009365082 0.8377159982919693 8
0 -13.91010093688965 30.03801155090332 -0.6054670214653015 0.1648599952459335 0.9593859985470772 21
0 -13.07253456115723 30.09330177307129 -0.6514880061149597 0.1577969938516617 0.9562899991869926 21
0 -13.49131774902344 29.77935218811035 -0.3541789948940277 0.1515839993953705 0.9631009995937347 21
0 -13.91010093688965 29.94684982299805 -0.08662799745798111 0.1362950056791306 0.9608890004456043 21
0 -13.07253456115723 29.96647644042969 -0.01275200024247169 0.1437020003795624 0.9583300016820431 21
0 -13.13572883605957 30.47962188720703 3.046485900878906 0.02778000012040138 0.9502790011465549 10
0 -13.49131774902344 30.28932571411133 3.4184730052948 0.01805000007152557 0.9567789994180202 10
0 -13.84690475463867 30.45802307128906 2.953493118286133 0.03287899866700172 0.9552530013024807 10
0 -13.84690475463867 30.67045974731445 3.515516996383667 0.008830999955534935 0.9468510001897812 10
0 -13.13572883605957 30.69205856323242 3.567662000656128 0.01647300086915493 0.9456709995865822 10
0 -12.91319274902344 34.18082427978516 -0.4983550012111664 0.1547120064496994 0.8676120042800903 19
0 -12.91319274902344 34.09974670410156 0.3597530126571655 0.1360960006713867 0.8693709969520569 19
0 -12.98423767089844 32.73382568359375 0.2535519897937775 0.1384000033140182 0.8990039974451065 20
0 -12.98423767089844 32.86941528320312 -0.5276479721069336 0.155347004532814 0.8960629999637604 20
0 -14.06944465637207 34.12937545776367 -0.4322519898414612 0.165132999420166 0.8677799999713898 19
0 -13.9983959197998 32.71563720703125 0.1637589931488037 0.1313380002975464 0.899398997426033 20
0 -13.0348949432373 31.2192497253418 0.1327600032091141 0.1410199999809265 0.9318630024790764 21
0 -13.0348949432373 31.35312080383301 -0.6193130016326904 0.1573359966278076 0.928957998752594 21
0 -13.9983959197998 32.81410980224609 -0.4706070125102997 0.167151004076004 0.8956030011177063 20
0 -13.94774055480957 31.20082664489746 0.04622400179505348 0.1331759989261627 0.9317879974842072 21
0 -13.07253456115723 29.96647644042969 -0.01275200024247169 0.1437020003795624 0.9583300016820431 21
0 -13.07253456115723 30.09330177307129 -0.6514880061149597 0.1577969938516617 0.9562899991869926 21
0 -13.94774055480957 31.29774856567383 -0.5645310282707214 0.1684769988059998 0.9296849966049194 21
0 -13.91010093688965 29.94684982299805 -0.08662799745798111 0.1362950056791306 0.9608890004456043 21
0 -13.07800483703613 29.90778160095215 1.138478994369507 0.104263998568058 0.9617369994521141 17
0 -13.89575004577637 29.93339729309082 1.20658004283905 0.09804499894380569 0.9649749994277954 17
0 -13.48687744140625 29.59464836120605 0.8735550045967102 0.1100120022892952 0.968529999256134 17
0 -13.89575004577637 29.88302040100098 0.503367006778717 0.1213620007038116 0.9677270017564297 17
0 -13.08532333374023 29.90741539001465 0.5790129899978638 0.1164020001888275 0.9617450013756752 17
0 -13.06255722045898 30.40157127380371 2.412117958068848 0.05979900062084198 0.9524470008909702 13
0 -13.48677825927734 29.98307800292969 2.126260042190552 0.06291799992322922 0.9655570015311241 13
0 -13.05483245849609 30.23340797424316 1.715136051177979 0.07491999864578247 0.9560949988663197 13
0 -12.98114013671875 32.64817428588867 1.177842020988464 0.1034099981188774 0.9022850021719933 16
0 -12.90277671813965 34.10007476806641 1.070220947265625 0.1057450026273727 0.8707869946956635 15
0 -13.99175262451172 32.67375564575195 1.253144025802612 0.09608600288629532 0.9007819965481758 16
0 -12.91319274902344 34.09974670410156 0.3597530126571655 0.1211579963564873 0.8707939982414246 19
0 -12.99019145965576 32.64780807495117 0.559224009513855 0.1168309971690178 0.9022929966449738 16
0 -14.06944465637207 34.07532501220703 0.2636939883232117 0.1301189959049225 0.8717979937791824 19
0 -13.03340911865234 31.13857650756836 1.145856976509094 0.1041039973497391 0.9350349977612495 17
0 -13.93995094299316 31.16456604003906 1.218067049980164 0.09542500227689743 0.9344710037112236 17
0 -13.0415210723877 31.13821029663086 0.5526229739189148 0.1169740036129951 0.9350429996848106 17
0 -13.99175262451172 32.62344741821289 0.4755800068378448 0.1255220025777817 0.902820996940136 16
0 -13.07800483703613 29.90778160095215 1.138478994369507 0.104263998568058 0.9617369994521141 17
0 -13.89575004577637 29.93339729309082 1.20658004283905 0.09804499894380569 0.9649749994277954 17
0 -13.08532333374023 29.90741539001465 0.5790129899978638 0.1164020001888275 0.9617450013756752 17
0 -13.93995094299316 31.11344146728516 0.4724110066890717 0.1263020038604736 0.9348689988255501 17
0 -14.06944465637207 34.12572479248047 1.156759977340698 0.09628000110387802 0.8735499978065491 15
0 -12.90277671813965 34.10007476806641 1.070220947265625 0.08891099691390991 0.8722089976072311 15
0 -13.00148963928223 32.64574813842773 1.393969058990479 0.08188699930906296 0.9037600010633469 12
0 -13.01016998291016 32.80654525756836 2.129251003265381 0.06593599915504456 0.9002719968557358 12
0 -12.91319274902344 34.2751579284668 1.877684950828552 0.07139299809932709 0.8684110045433044 12
0 -13.97158241271973 32.78408432006836 2.017143964767456 0.0600689984858036 0.8995739966630936 12
0 -13.97158241271973 32.66930770874023 1.47272801399231 0.08918800204992294 0.9056200012564659 12
0 -13.03872299194336 31.35543251037598 1.571953058242798 0.07802599668502808 0.9317530021071434 16
0 -13.04673767089844 31.52947807312012 2.345354080200195 0.06124699860811234 0.9279770031571388 13
0 -13.93467903137207 31.50646209716797 2.23406195640564 0.05607400089502335 0.9263430014252663 13
0 -13.93467903137207 31.37959289550781 1.650140047073364 0.08249399811029434 0.932888999581337 16
0 -13.05483245849609 30.23340797424316 1.715136051177979 0.07491999864578247 0.9560949988663197 13
0 -13.06255722045898 30.40157127380371 2.412117958068848 0.05979900062084198 0.9524470008909702 13
0 -13.91872406005859 30.37936210632324 2.311820983886719 0.05249100178480148 0.9552999995648861 13
0 -12.91319274902344 34.2751579284668 1.877684950828552 0.05313599854707718 0.8679369986057281 12
0 -12.91319274902344 34.51476287841797 2.567652940750122 0.03816799819469452 0.8627389967441559 9
0 -13.06039047241211 33.10461044311523 3.009053945541382 0.02859199978411198 0.8933309987187386 9
0 -13.06039047241211 32.89611434936523 2.413055896759033 0.04152100160717964 0.8978549987077713 9
0 -14.06944465637207 34.25074005126953 1.754598021507263 0.06268300116062164 0.8729719966650009 12
0 -13.92224311828613 33.0833854675293 2.949421882629395 0.02135000005364418 0.8914209976792336 9
0 -13.10200119018555 31.82164192199707 3.309545040130615 0.02207300066947937 0.9211649969220161 10
0 -13.10200119018555 31.61836433410645 2.751979112625122 0.03416899964213371 0.925575003027916 10
0 -13.92224311828613 32.8748893737793 2.306711912155151 0.053312998265028 0.9018720015883446 9
0 -13.88063430786133 31.80093193054199 3.253761053085327 0.0152209997177124 0.9180580005049706 10
0 -13.13572883605957 30.69205856323242 3.567662000656128 0.01647300086915493 0.9456709995865822 10
0 -13.13572883605957 30.47962188720703 3.046485900878906 0.02778000012040138 0.9502790011465549 10
0 -13.88063430786133 31.59766006469727 2.652491092681885 0.04296600073575974 0.9286319985985756 10
0 -13.84690475463867 30.67045974731445 3.515516996383667 0.008830999955534935 0.9468510001897812 10
0 -13.91872406005859 30.2567253112793 1.785596013069153 0.0781330019235611 0.9634139984846115 13
0 -13.91872406005859 30.37936210632324 2.311820983886719 0.05249100178480148 0.9552999995648861 13
0 -12.90277671813965 34.10007476806641 1.070220947265625 0.09720899909734726 0.8468399941921234 15
106
0.5931699872016907 -0.07323399931192398 -0.8017399907112122
0.9618690013885498 -0.2731310129165649 0.01441899966448545
0.9642040133476257 -0.2326499968767166 -0.1272159963846207
0.4008339941501617 0.2484859973192215 -0.8818089962005615
-0.3702740073204041 0.2008329927921295 -0.906952977180481
-0.5310119986534119 0.3957700133323669 -0.7492610216140747
0.4267869889736176 -0.1496600061655045 0.8918830156326294
0.7022579908370972 -0.2527090013027191 0.6655619740486145
-0.4709309935569763 0.1612589955329895 0.8673059940338135
-0.8491039872169495 -0.3535830080509186 -0.3924309909343719
-0.1962009966373444 -0.8636929988861084 0.464262992143631
-0.5675600171089172 -0.5691980123519897 0.594884991645813
0.6123039722442627 -0.6282140016555786 -0.4800330102443695
0.8070859909057617 -0.5095800161361694 0.2982310056686401
0.5870789885520935 0.2634750008583069 -0.7654539942741394
0.4136979877948761 -0.6187459826469421 0.6678379774093628
0.7768509984016418 -0.4214990139007568 -0.4678040146827698
-0.7240819931030273 0.3249959945678711 -0.6083449721336365
-0.4797340035438538 0.5553719997406006 -0.6792770028114319
0.4611909985542297 0.2366230040788651 -0.8551679849624634
0.6204509735107422 -0.2172629982233047 -0.7535499930381775
-0.5741230249404907 -0.2459290027618408 -0.7809619903564453
0.3755159974098206 -0.2400739938020706 -0.8951830267906189
0.9337409734725952 -0.357136994600296 -0.02411399967968464
0.998179018497467 -0.05616199970245361 0.02202400006353855
0.9266200065612793 -0.1180019974708557 0.3570019900798798
0.4059320092201233 -0.1164610013365746 0.9064520001411438
-0.816756010055542 -0.176595002412796 0.5492939949035645
-0.6403570175170898 -0.06337100267410278 -0.7654590010643005
-0.2398129999637604 -0.8477950096130371 -0.473004013299942
0.2807349860668182 -0.8303400278091431 -0.4813770055770874
0.01326999999582767 -0.9865729808807373 -0.1627790033817291
-0.2579030096530914 -0.9474170207977295 0.1894380003213882
0.27046999335289 -0.9445989727973938 0.1859519928693771
0.4192520081996918 -0.9057120084762573 -0.062561996281147
0.004251999780535698 -0.9205499887466431 0.3906010091304779
-0.3443720042705536 -0.9357410073280334 -0.07613900303840637
-0.4230709969997406 -0.5733600258827209 0.701619029045105
0.3566980063915253 -0.5848209857940674 0.7285270094871521
0.885886013507843 -0.03655299916863441 -0.4624600112438202
0.9389830231666565 -0.1455570012331009 0.3116489946842194
0.6753510236740112 -0.0908069983124733 0.7318850159645081
0.6835929751396179 -0.001510999980382621 -0.7298610210418701
-0.4866690039634705 -0.001038999995216727 -0.8735859990119934
-0.7369670271873474 -0.07878900319337845 0.6713209748268127
0.6752129793167114 -0.09687100350856781 0.7312350273132324
0.6832129955291748 0.01382699981331825 -0.7300879955291748
-0.7261750102043152 0.002128999913111329 -0.6875069737434387
-0.7388269901275635 -0.0804160013794899 0.6690800189971924
0.8875319957733154 -0.07954899966716766 0.4538269937038422
0.4028849899768829 0.01295599993318319 -0.9151589870452881
-0.7266169786453247 0.004989999812096357 -0.6870250105857849
-0.5086320042610168 -0.1079349964857101 0.8541920185089111
0.3694289922714233 -0.8322010040283203 0.4134770035743713
-0.3230249881744385 -0.8324639797210693 0.4501760005950928
0.04221000149846077 -0.9983519911766052 0.0388760007917881
-0.3033669888973236 -0.8846510052680969 -0.3540639877319336
0.3839859962463379 -0.8445209860801697 -0.3732810020446777
0.3091660141944885 -0.7298570275306702 0.6096929907798767
-0.0540819987654686 -0.9726750254631042 0.2257860004901886
0.3223589956760406 -0.9202960133552551 -0.2216760069131851
0.7381500005722046 -0.02725500054657459 0.6740859746932983
0.9431340098381042 -0.07697799801826477 0.3233759999275208
-0.6793789863586426 -0.0006859999848529696 0.7337870001792908
0.9389830231666565 -0.1455570012331009 0.3116489946842194
0.7305200099945068 -0.09011899679899216 -0.6769189834594727
-0.9336730241775513 -0.1654939949512482 -0.3175939917564392
0.7390890121459961 -0.03277299925684929 0.6728100180625916
-0.6776639819145203 -0.03846799954771996 0.7343649864196777
0.7322869896888733 -0.02780500054359436 -0.6804289817810059
-0.6763190031051636 -0.06746599823236465 -0.7335119843482971
0.9058539867401123 -0.03522799909114838 0.422122985124588
-0.3867819905281067 -0.02370700053870678 0.9218659996986389
0.5078279972076416 -0.03524399921298027 -0.8607370257377625
-0.6745499968528748 -0.0360179990530014 -0.7373499870300293
-0.9444770216941833 -0.1620559990406036 -0.2858330011367798
0.9431340098381042 -0.07697799801826477 0.3233759999275208
0.6816999912261963 -0.1675589978694916 -0.7121869921684265
0.6564570069313049 0.08928900212049484 0.7490599751472473
0.9271950125694275 -0.08885599672794342 0.3638879954814911
-0.7454569935798645 0.08624400198459625 0.6609510183334351
-0.7368789911270142 -0.1460770070552826 -0.660053014755249
0.6797450184822083 -0.1115970015525818 -0.7249079942703247
0.6572200059890747 0.05759900063276291 0.7514950037002563
-0.7492550015449524 0.07621700316667557 0.6578810214996338
-0.7379720211029053 -0.1024840027093887 -0.6670039892196655
0.3851230144500732 -0.1201950013637543 -0.9150050282478333
0.8793200254440308 0.01613599993288517 0.475957989692688
-0.530360996723175 0.04815800115466118 0.8464030027389526
0.9271950125694275 -0.08885599672794342 0.3638879954814911
0.39444899559021 0.2341389954090118 0.888588011264801
0.6761350035667419 0.1332419961690903 0.7246289849281311
0.7470470070838928 -0.2542209923267365 -0.6142410039901733
-0.9307730197906494 -0.2537440061569214 -0.2632020115852356
-0.7298060059547424 0.1542859971523285 0.6660169959068298
0.6778770089149475 0.1443260014057159 0.7208700180053711
0.7516180276870728 -0.1887589991092682 -0.6320130228996277
-0.6595460176467896 -0.275173008441925 -0.6994850039482117
-0.73164302110672 0.1353009939193726 0.6681259870529175
0.8857359886169434 0.07836399972438812 0.4575270116329193
0.5375940203666687 -0.2249809950590134 -0.8126350045204163
-0.6597269773483276 -0.213470995426178 -0.7205489873886108
-0.4998289942741394 0.1819009929895401 0.8468080163002014
-0.3907920122146606 -0.893293023109436 -0.2220560014247894
-0.3987840116024017 -0.7077370285987854 0.5831630229949951
0.9802970290184021 -0.1944379955530167 0.03480000048875809
87
0 0 1 2 0 1 2 1
0 3 0 2 3 0 2 1
0 4 0 3 4 0 3 1
0 5 4 3 5 4 3 1
0 1 6 7 1 6 7 1
0 2 1 7 2 1 7 1
0 7 6 8 7 6 8 1
0 9 10 11 9 10 11 1
0 12 13 14 12 13 14 1
0 13 15 16 13 15 16 1
0 16 14 13 16 14 13 1
0 15 10 16 15 10 16 1
0 10 9 16 10 9 16 1
0 17 14 16 17 14 16 1
0 18 19 14 18 19 14 1
0 12 14 19 12 14 19 1
0 20 12 19 20 12 19 1
0 21 12 20 21 12 20 1
0 22 20 23 22 20 23 1
0 24 25 26 24 25 26 1
0 26 25 27 26 25 27 1
0 28 20 22 28 20 22 1
0 29 30 31 29 30 31 1
0 32 31 33 32 31 33 1
0 34 35 36 34 35 36 1
0 37 35 38 37 35 38 1
0 39 40 41 39 40 41 1
0 42 39 41 42 39 41 1
0 43 39 42 43 39 42 1
0 41 40 44 41 40 44 1
0 42 41 45 42 41 45 1
0 46 42 45 46 42 45 1
0 47 42 46 47 42 46 1
0 45 41 48 45 41 48 1
0 46 45 49 46 45 49 1
0 50 46 49 50 46 49 1
0 51 46 50 51 46 50 1
0 49 45 52 49 45 52 1
0 53 54 55 53 54 55 1
0 56 57 55 56 57 55 1
0 58 59 60 58 59 60 1
0 61 62 63 61 62 63 1
0 64 62 61 64 62 61 1
0 65 64 61 65 64 61 1
0 66 64 65 66 64 65 1
0 67 61 68 67 61 68 1
0 65 61 67 65 61 67 1
0 69 65 67 69 65 67 1
0 70 65 69 70 65 69 1
0 71 67 72 71 67 72 1
0 69 67 71 69 67 71 1
0 73 69 71 73 69 71 1
0 74 69 73 74 69 73 1
0 75 76 77 75 76 77 1
0 78 79 80 78 79 80 1
0 76 79 78 76 79 78 1
0 77 76 78 77 76 78 1
0 81 77 82 81 77 82 1
0 83 78 84 83 78 84 1
0 77 78 83 77 78 83 1
0 82 77 83 82 77 83 1
0 85 82 86 85 82 86 1
0 87 83 88 87 83 88 1
0 82 83 87 82 83 87 1
0 86 82 87 86 82 87 1
0 89 90 91 89 90 91 1
0 92 89 91 92 89 91 1
0 93 89 92 93 89 92 1
0 91 90 94 91 90 94 1
0 92 91 95 92 91 95 1
0 96 92 95 96 92 95 1
0 97 92 96 97 92 96 1
0 95 91 98 95 91 98 1
0 96 95 99 96 95 99 1
0 100 96 99 100 96 99 1
0 101 96 100 101 96 100 1
0 99 95 102 99 95 102 1
0 31 30 33 31 30 33 1
0 55 57 53 55 57 53 1
0 60 59 103 60 59 103 1
0 58 104 59 58 104 59 1
0 34 38 35 34 38 35 1
0 11 13 12 11 13 12 1
0 15 13 11 15 13 11 1
0 23 20 105 23 20 105 1
0 20 25 105 20 25 105 1
0 25 24 105 25 24 105 1
Materials: 1
"Material0"
0.200000 0.200000 0.200000 1.000000
0.800000 0.800000 0.800000 1.000000
0.000000 0.000000 0.000000 1.000000
0.000000 0.000000 0.000000 1.000000
0.000000
1.000000
"C:/Documents and Settings/Louis/My Documents/Visual Studio 2005/Projects/GarageBand/GarageBand/meshes/char.bmp"
""
Bones: 54
"Joint1"
""
0 -0.1067796126008034 1.264288783073425 0 0 -0 0
2
1 0 0 0
22 0 0 0
2
1 0 -0 0
22 0 -0 0
"Joint2"
"Joint1"
0 0 42.83888244628906 0 0 -0 0
2
1 0 0 0
22 0 0 0
2
1 0 -0 0
22 0 -0 0
"Joint3"
"Joint2"
0 0.1176279187202454 5.413703918457031 0 0 -0 0
2
1 0 0 0
22 0 0 0
2
1 0 -0 0
22 0 -0 0
"Joint4"
"Joint3"
0 -0.1176279187202454 7.296733856201172 0 0 -0 0
2
1 0 0 0
22 0 0 0
2
1 0 -0 0
22 0 -0 0
"Joint5"
"Joint4"
0 0 4.942947387695312 0 0 -0 0
2
1 0 0 0
22 0 0 0
2
1 0 -0 0
22 0 -0 0
"Joint6"
"Joint5"
0 0 3.177608489990234 0 0 -0 0
2
1 0 0 0
22 0 0 0
2
1 0 -0 0
22 0 -0 0
"Joint15"
"Joint5"
0 -8.214349746704102 -2.601375579833984 1.168097853660583 0 -0 0
2
1 0 0 0
22 0 0 0
2
1 0 -0 0
22 0 -0 0
"Joint16"
"Joint15"
0 -2.160377502441406 -9.742671966552734 0.4088342487812042 0 -0 0
2
1 0 0 0
22 0 0 0
2
1 0 -0 0
22 0 -0 0
"Joint17"
"Joint16"
0 -1.620283126831055 -10.82518768310547 0 0 -0 0
2
1 0 0 0
22 0 0 0
2
1 0 -0 0
22 0 -0 0
"Joint18"
"Joint17"
0 -1.359408378601074 -4.076610565185547 0.6056066751480103 0 -0 0
2
1 0 0 0
22 0 0 0
2
1 0 -0 0
22 0 -0 0
"Joint19"
"Joint18"
0 0 -1.642635345458984 0.5446872711181641 0 -0 0
2
1 0 0 0
22 0 0 0
2
1 0 -0 0
22 0 -0 0
"Joint20"
"Joint19"
0 0 -2.007669448852539 0.5446875095367432 0 -0 0
2
1 0 0 0
22 0 0 0
2
1 0 -0 0
22 0 -0 0
"Joint21"
"Joint17"
0 -1.295317649841309 -3.9853515625 0.06091940402984619 0 -0 0
2
1 0 0 0
22 0 0 0
2
1 0 -0 0
22 0 -0 0
"Joint22"
"Joint21"
0 0 -1.916408538818359 0.272343635559082 0 -0 0
2
1 0 0 0
22 0 0 0
2
1 0 -0 0
22 0 -0 0
"Joint23"
"Joint22"
0 0 -2.007669448852539 0.1815624237060547 0 -0 0
2
1 0 0 0
22 0 0 0
2
1 0 -0 0
22 0 -0 0
"Joint24"
"Joint17"
0 -1.338995456695557 -4.194305419921875 -0.7711884379386902 0 -0 0
2
1 0 0 0
22 0 0 0
2
1 0 -0 0
22 0 -0 0
"Joint25"
"Joint24"
0 0 -1.629623413085938 0.08559483289718628 0 -0 0
2
1 0 0 0
22 0 0 0
2
1 0 -0 0
22 0 -0 0
"Joint26"
"Joint25"
0 0 -1.45808219909668 0 0 -0 0
2
1 0 0 0
22 0 0 0
2
1 0 -0 0
22 0 -0 0
"Joint27"
"Joint26"
0 0 -1.200773239135742 0 0 -0 0
2
1 0 0 0
22 0 0 0
2
1 0 -0 0
22 0 -0 0
"Joint28"
"Joint17"
0 -1.338994026184082 -4.222896575927734 -1.684200167655945 0 -0 0
2
1 0 0 0
22 0 0 0
2
1 0 -0 0
22 0 -0 0
"Joint29"
"Joint28"
0 0 -1.429492950439453 -2.980232238769531e-08 0 -0 0
2
1 0 0 0
22 0 0 0
2
1 0 -0 0
22 0 -0 0
"Joint30"
"Joint29"
0 0 -1.486671447753906 -0.1141264587640762 0 -0 0
2
1 0 0 0
22 0 0 0
2
1 0 -0 0
22 0 -0 0
"Joint31"
"Joint30"
0 0 -1.172183990478516 -0.1426580995321274 0 -0 0
2
1 0 0 0
22 0 0 0
2
1 0 -0 0
22 0 -0 0
"Joint32"
"Joint17"
0 -0.6260931491851807 -2.278785705566406 -2.026579618453979 0 -0 0
2
1 0 0 0
22 0 0 0
2
1 0 -0 0
22 0 -0 0
"Joint33"
"Joint32"
0 -0.6085737347602844 -0.6861572265625 -0.8844801187515259 0 -0 0
2
1 0 0 0
22 0 0 0
2
1 0 -0 0
22 0 -0 0
"Joint34"
"Joint33"
0 0 -1.229362487792969 -0.4279742240905762 0 -0 0
2
1 0 0 0
22 0 0 0
2
1 0 -0 0
22 0 -0 0
"Joint36"
"Joint5"
0 8.148323059082031 -2.543567657470703 1.108771443367004 0 -0 0
2
1 0 0 0
22 0 0 0
2
1 0 -0 0
22 0 -0 0
"Joint37"
"Joint36"
0 2.506033897399902 -9.781845092773438 0.4223891496658325 0 -0 0
2
1 0 0 0
22 0 0 0
2
1 0 -0 0
22 0 -0 0
"Joint38"
"Joint37"
0 1.474138259887695 -10.81931686401367 0 0 -0 0
2
1 0 0 0
22 0 0 0
2
1 0 -0 0
22 0 -0 0
"Joint39"
"Joint38"
0 1.049873828887939 -3.810657501220703 0.6712691783905029 0 -0 0
2
1 0 0 0
22 0 0 0
2
1 0 -0 0
22 0 -0 0
"Joint40"
"Joint39"
0 0 -2.233322143554688 0.5329670906066895 0 -0 0
2
1 0 0 0
22 0 0 0
2
1 0 -0 0
22 0 -0 0
"Joint41"
"Joint40"
0 0 -1.844917297363281 0.4845156669616699 0 -0 0
2
1 0 0 0
22 0 0 0
2
1 0 -0 0
22 0 -0 0
"Joint42"
"Joint38"
0 1.018300414085388 -3.907756805419922 -0.1039559841156006 0 -0 0
2
1 0 0 0
22 0 0 0
2
1 0 -0 0
22 0 -0 0
"Joint43"
"Joint42"
0 0 -2.136222839355469 0.2907094955444336 0 -0 0
2
1 0 0 0
22 0 0 0
2
1 0 -0 0
22 0 -0 0
"Joint44"
"Joint43"
0 0 -2.136219024658203 0.3391609191894531 0 -0 0
2
1 0 0 0
22 0 0 0
2
1 0 -0 0
22 0 -0 0
"Joint45"
"Joint38"
0 1.049874067306519 -3.956306457519531 -0.7822778820991516 0 -0 0
2
1 0 0 0
22 0 0 0
2
1 0 -0 0
22 0 -0 0
"Joint46"
"Joint45"
0 0 -1.699268341064453 0.04845160245895386 0 -0 0
2
1 0 0 0
22 0 0 0
2
1 0 -0 0
22 0 -0 0
"Joint47"
"Joint46"
0 0 -1.505064010620117 0.145354688167572 0 -0 0
2
1 0 0 0
22 0 0 0
2
1 0 -0 0
22 0 -0 0
"Joint48"
"Joint47"
0 0 -1.262311935424805 -0.04845160245895386 0 -0 0
2
1 0 0 0
22 0 0 0
2
1 0 -0 0
22 0 -0 0
"Joint49"
"Joint38"
0 1.081448078155518 -3.956306457519531 -1.557502865791321 0 -0 0
2
1 0 0 0
22 0 0 0
2
1 0 -0 0
22 0 -0 0
"Joint50"
"Joint49"
0 0 -1.456516265869141 -0.1453547477722168 0 -0 0
2
1 0 0 0
22 0 0 0
2
1 0 -0 0
22 0 -0 0
"Joint51"
"Joint50"
0 0 -1.602165222167969 -0.145354688167572 0 -0 0
2
1 0 0 0
22 0 0 0
2
1 0 -0 0
22 0 -0 0
"Joint52"
"Joint51"
0 0 -1.165210723876953 0 0 -0 0
2
1 0 0 0
22 0 0 0
2
1 0 -0 0
22 0 -0 0
"Joint53"
"Joint38"
0 0.3868229389190674 -2.257041931152344 -1.993566989898682 0 -0 0
2
1 0 0 0
22 0 0 0
2
1 0 -0 0
22 0 -0 0
"Joint54"
"Joint53"
0 0.5051822066307068 -0.6797065734863281 -0.9205797910690308 0 -0 0
2
1 0 0 0
22 0 0 0
2
1 0 -0 0
22 0 -0 0
"Joint55"
"Joint54"
0 0 -1.165210723876953 -0.4360641241073608 0 -0 0
2
1 0 0 0
22 0 0 0
2
1 0 -0 0
22 0 -0 0
"Joint7"
"Joint2"
0 -4.234604835510254 -4.707569122314453 0 0 -0 0
2
1 0 0 0
22 0 0 0
2
1 0 -0 0
22 0 -0 0
"Joint8"
"Joint7"
0 -1.058651447296143 -16.47649383544922 0 0 -0 0
2
1 0 0 0
22 0 0 0
2
1 0 -0 0
22 0 -0 0
"Joint9"
"Joint8"
0 -1.176279067993164 -17.77107620239258 3.520316600799561 0 -0 0
2
1 0 0 0
22 0 0 0
2
1 0 -0 0
22 0 -0 0
"Joint10"
"Joint9"
0 -0.2352557182312012 -3.766055107116699 0 0 -0 0
2
1 0 0 0
22 0 0 0
2
1 0 -0 0
22 0 -0 0
"Joint11"
"Joint2"
0 3.881721258163452 -4.707569122314453 0 0 -0 0
2
1 0 0 0
22 0 0 0
2
1 0 -0 0
22 0 -0 0
"Joint12"
"Joint11"
0 1.293906927108765 -16.59418487548828 0 0 -0 0
2
1 0 0 0
22 0 0 0
2
1 0 -0 0
22 0 -0 0
"Joint13"
"Joint12"
0 1.176279067993164 -17.1826286315918 3.490483522415161 0 -0 0
2
1 0 0 0
22 0 0 0
2
1 0 -0 0
22 0 -0 0
"Joint14"
"Joint13"
0 0.2352557182312012 -4.354500770568848 0 0 -0 0
2
1 0 0 0
22 0 0 0
2
1 0 -0 0
22 0 -0 0
